iso3,iso2,admin1_id,admin2_id,iu_id,location,site_id,longitude,latitude,georeliability,location_type,survey_type,year,age_start,age_end,hk_examined,hk_positive,asc_examined,asc_positive,tt_examined,tt_positive,quality,sn,hk_prevalence,asc_prevalence,tt_prevalence,sth_prevalence,shortest,id,src,dst,identifier
GAB,GA,2060.0,20375.0,20375.0,como aviation,11948.0,10.76233,1.00371,3,,,2015.0,,,32,0,32,24,32,28,1,5579,0.0,0.75,0.875,0.9139150943396226,3182.378567440579,0,0,0,1
GAB,GA,2060.0,20375.0,20375.0,e.c. p.medouneu,11949.0,10.789353,0.994383,1,,,2015.0,,,97,0,97,43,97,60,1,5576,0.0,0.4432989690721649,0.6185567010309279,0.7430661530409463,3182.378567440579,1,1,1,2
GAB,GA,2060.0,20376.0,20376.0,e.c.a,11953.0,12.13923,2.15187,3,,,2015.0,,,75,2,74,33,74,45,1,5581,0.0266666666666666,0.4459459459459459,0.6081081081081081,0.7440196443256104,1016.0071918545189,2,2,2,3
GAB,GA,2060.0,20376.0,20376.0,e.c.b ngone,11954.0,12.14867,2.13607,3,,,2015.0,,,45,0,45,23,45,30,1,5582,0.0,0.5111111111111111,0.6666666666666666,0.7896575821104121,2049.9219779374694,3,3,3,4
GAB,GA,2060.0,20376.0,20376.0,e.c.c.ngame,11955.0,12.13128,2.14739,3,,,2015.0,,,68,0,68,18,68,29,1,5584,0.0,0.2647058823529412,0.4264705882352941,0.5455539596526734,1016.0071918545189,4,4,4,5
GAB,GA,2053.0,20337.0,20337.0,e.c.saint michel,12060.0,13.01148,-1.82638,3,,,2015.0,,,46,0,46,13,46,5,1,5381,0.0,0.2826086956521739,0.108695652173913,0.3401754823982593,0.0,5,5,6,6
GAB,GA,2053.0,20337.0,20337.0,e.c.saint michel,11990.0,13.01148,-1.82638,3,,,2015.0,,,49,0,49,13,49,5,1,5386,0.0,0.2653061224489796,0.1020408163265306,0.3210140428909337,0.0,6,6,5,6
GAB,GA,2053.0,20335.0,20335.0,e.p. aboumi,11900.0,14.1378899,-0.6544913,1,,,2015.0,,,77,8,77,32,77,14,1,5367,0.1038961038961039,0.4155844155844156,0.1818181818181818,0.539170348263485,27025.37014617999,7,7,7,7
GAB,GA,2053.0,20345.0,20345.0,e.p. ayogo lesseri,11928.0,14.22667,-0.8990400000000001,3,,,2015.0,,,20,2,20,9,20,2,1,5433,0.1,0.45,0.1,0.5231132075471698,956.2854427755893,8,8,8,8
GAB,GA,2053.0,20337.0,20337.0,e.p. bakumba a,12061.0,13.00254,-1.82203,3,,,2015.0,,,87,2,87,24,87,18,1,5379,0.0229885057471264,0.2758620689655172,0.2068965517241379,0.4140437577410786,0.0,9,9,10,9
GAB,GA,2053.0,20337.0,20337.0,e.p. bakumba a,11991.0,13.00254,-1.82203,3,,,2015.0,,,96,2,96,24,96,18,1,5384,0.0208333333333333,0.25,0.1875,0.3804908608490566,0.0,10,10,9,9
GAB,GA,2053.0,20337.0,20337.0,e.p. bidoungui,12062.0,13.0434,-1.77194,3,,,2015.0,,,34,0,23,7,34,11,1,5380,0.0,0.3043478260869565,0.3235294117647059,0.4994450610432852,0.0,11,11,12,10
GAB,GA,2053.0,20337.0,20337.0,e.p. bidoungui,11992.0,13.0434,-1.77194,3,,,2015.0,,,35,0,35,7,35,11,1,5378,0.0,0.2,0.3142857142857143,0.4258760107816711,0.0,12,12,11,10
GAB,GA,2053.0,20339.0,20339.0,e.p. boumango,12132.0,13.61464,-2.22473,3,,,2015.0,,,99,1,99,32,99,26,1,5392,0.0101010101010101,0.3232323232323232,0.2626262626262626,0.4773679274548457,0.0,13,13,14,11
GAB,GA,2053.0,20339.0,20339.0,e.p. boumango,12124.0,13.61464,-2.22473,3,,,2015.0,,,100,1,100,32,100,26,1,5394,0.01,0.32,0.26,0.4734264150943396,0.0,14,14,13,11
GAB,GA,2053.0,20338.0,20338.0,e.p. kabaga,11923.0,13.91634,-1.36617,3,,,2015.0,,,20,0,20,10,20,1,1,5389,0.0,0.5,0.05,0.4952830188679245,16006.638567337279,15,15,15,12
GAB,GA,2053.0,20336.0,20336.0,e.p. kassiele,12050.0,13.89741,-1.21274,3,,,2015.0,,,46,42,46,36,46,42,1,5371,0.9130434782608696,0.782608695652174,0.9130434782608696,0.941845480583887,9703.700484154379,16,16,16,13
GAB,GA,2053.0,20338.0,20338.0,e.p. kelle,11924.0,13.76829,-1.60292,3,,,2015.0,,,16,0,16,3,16,2,1,5391,0.0,0.1875,0.125,0.2727004716981132,4850.194787351799,17,17,17,14
GAB,GA,2053.0,20340.0,20340.0,e.p. mangoungou,12075.0,13.61026,-1.65243,3,,,2015.0,,,50,0,50,10,50,12,1,5401,0.0,0.2,0.24,0.3698113207547169,2194.1947955744167,18,18,18,15
GAB,GA,2053.0,20342.0,20342.0,e.p. massango 2,11975.0,13.19577,-1.48984,3,,,2015.0,,,8,1,8,7,8,7,1,5408,0.125,0.875,0.875,0.9304982311320754,7454.155214898928,19,19,19,16
GAB,GA,2053.0,20345.0,20345.0,e.p. mbouyi obere,11929.0,14.34993,-0.84984,3,,,2015.0,,,52,4,52,15,52,10,1,5438,0.0769230769230769,0.2884615384615384,0.1923076923076923,0.4429281782190122,0.0,20,20,21,17
GAB,GA,2053.0,20345.0,20345.0,e.p. mbouyi obere,11920.0,14.34993,-0.84984,3,,,2015.0,,,53,4,53,15,53,10,1,5439,0.0754716981132075,0.2830188679245283,0.1886792452830188,0.4360380564885714,0.0,21,21,20,17
GAB,GA,2060.0,20375.0,20375.0,e.p. nkinen'n,11950.0,10.68559,0.96235,3,,,2015.0,,,24,0,24,13,24,22,1,5578,0.0,0.5416666666666666,0.9166666666666666,0.9073637316561844,5227.159289476323,22,22,22,18
GAB,GA,2053.0,20336.0,20336.0,e.p. obegue,12051.0,13.933333,-1.133333,1,,,2015.0,,,59,0,59,30,59,10,1,5372,0.0,0.5084745762711864,0.1694915254237288,0.5582867642674789,0.0,23,23,24,19
GAB,GA,2053.0,20336.0,20336.0,e.p. obegue,11981.0,13.933333,-1.133333,1,,,2015.0,,,64,0,64,30,64,10,1,5375,0.0,0.46875,0.15625,0.5205262382075471,0.0,24,24,23,19
GAB,GA,2053.0,20336.0,20336.0,e.p. obouo,12052.0,13.8714,-1.9495,3,,,2015.0,,,38,5,38,8,38,4,1,5368,0.131578947368421,0.2105263157894736,0.1052631578947368,0.3646909307974372,0.0,25,25,26,20
GAB,GA,2053.0,20336.0,20336.0,e.p. obouo,11982.0,13.8714,-1.9495,3,,,2015.0,,,44,5,44,8,44,4,1,5370,0.1136363636363636,0.1818181818181818,0.0909090909090909,0.3214351530272316,0.0,26,26,25,20
GAB,GA,2053.0,20343.0,20343.0,e.p. omoi,11985.0,13.77499,-1.3398,3,,,2015.0,,,36,1,36,11,36,6,1,5414,0.0277777777777777,0.3055555555555556,0.1666666666666666,0.4126145275254289,11490.335477526814,27,27,27,21
GAB,GA,2053.0,20345.0,20345.0,e.p. onga,11930.0,14.2701195,-0.8580762,1,,,2015.0,,,124,2,124,62,124,22,1,5437,0.0161290322580645,0.5,0.1774193548387097,0.5616447097166866,0.0,28,28,29,22
GAB,GA,2053.0,20345.0,20345.0,e.p. onga,11921.0,14.2701195,-0.8580762,1,,,2015.0,,,126,2,126,62,126,22,1,5435,0.0158730158730158,0.492063492063492,0.1746031746031746,0.5541561959936437,0.0,29,29,28,22
GAB,GA,2053.0,20345.0,20345.0,e.p. ossiele oguigana,11931.0,14.2192475,-0.9033641,1,,,2015.0,,,15,0,15,12,15,0,1,5434,0.0,0.8,0.0,0.7547169811320754,0.0,30,30,31,23
GAB,GA,2053.0,20345.0,20345.0,e.p. ossiele oguigana,11922.0,14.2192475,-0.9033641,1,,,2015.0,,,17,0,17,12,17,0,1,5436,0.0,0.7058823529411765,0.0,0.6659267480577137,0.0,31,31,30,23
GAB,GA,2053.0,20336.0,20336.0,e.p. otala,12053.0,13.82051,-1.02092,3,,,2015.0,,,36,2,36,21,36,5,1,5369,0.0555555555555555,0.5833333333333334,0.1388888888888889,0.6237139917695474,0.0,32,32,33,24
GAB,GA,2053.0,20336.0,20336.0,e.p. otala,11983.0,13.82051,-1.02092,3,,,2015.0,,,38,2,38,21,38,5,1,5376,0.0526315789473684,0.5526315789473685,0.131578947368421,0.5961730490445002,0.0,33,33,32,24
GAB,GA,2053.0,20343.0,20343.0,e.p. reunification,11986.0,13.77483,-1.55986,3,,,2015.0,,,36,0,36,4,36,1,1,5415,0.0,0.1111111111111111,0.0277777777777777,0.1281155369205683,4850.194787351799,34,34,34,25
GAB,GA,2053.0,20343.0,20343.0,e.p.assiami,11987.0,13.7129887,-1.4222993,1,,,2015.0,,,26,2,26,10,26,0,1,5413,0.0769230769230769,0.3846153846153846,0.0,0.4075025120017863,10955.995846039252,35,35,35,26
GAB,GA,2053.0,20344.0,20344.0,e.p.ayanabo,12154.0,13.8332,-0.7755000000000001,3,,,2015.0,,,28,3,28,7,28,5,1,5428,0.1071428571428571,0.25,0.1785714285714285,0.4244681363111282,19434.72216390422,36,36,36,27
GAB,GA,2060.0,20375.0,20375.0,e.p.c nkome mbe,11951.0,10.71691,0.99733,3,,,2015.0,,,15,0,16,8,16,14,1,5577,0.0,0.5,0.875,0.8844339622641508,5105.783719292167,37,37,37,28
GAB,GA,2053.0,20338.0,20338.0,e.p.c. a bongoville,11925.0,13.8651056,-1.6437743,1,,,2015.0,,,35,4,35,6,35,3,1,5388,0.1142857142857142,0.1714285714285714,0.0857142857142857,0.3104021123274106,0.0,38,38,39,29
GAB,GA,2053.0,20338.0,20338.0,e.p.c. b bongoville,11926.0,13.8651056,-1.6437743,1,,,2015.0,,,96,4,96,10,96,10,1,5387,0.0416666666666666,0.1041666666666666,0.1041666666666666,0.2178498700646401,0.0,39,39,38,29
GAB,GA,2053.0,20337.0,20337.0,e.p.c. bakumba b,12063.0,13.01668,-1.82556,3,,,2015.0,,,83,0,83,16,83,16,1,5385,0.0,0.1927710843373494,0.1927710843373494,0.328661771432171,0.0,40,40,41,30
GAB,GA,2053.0,20337.0,20337.0,e.p.c. bakumba b,11993.0,13.01668,-1.82556,3,,,2015.0,,,98,0,98,16,98,16,1,5383,0.0,0.1632653061224489,0.1632653061224489,0.282900992510982,0.0,41,41,40,30
GAB,GA,2053.0,20342.0,20342.0,e.p.c. moanda a,12046.0,13.2432632,-1.5370282,1,,,2015.0,,,102,4,102,19,102,25,1,5407,0.0392156862745098,0.1862745098039215,0.2450980392156862,0.3866099623312869,0.0,42,42,43,31
GAB,GA,2053.0,20342.0,20342.0,e.p.c. moanda a,11976.0,13.2432632,-1.5370282,1,,,2015.0,,,108,4,108,19,108,25,1,5410,0.037037037037037,0.1759259259259259,0.2314814814814814,0.3680565740572987,0.0,43,43,42,31
GAB,GA,2053.0,20344.0,20344.0,e.p.c.a okondja,12160.0,13.67334,-0.65161,3,,,2015.0,,,81,3,81,18,81,20,1,5424,0.037037037037037,0.2222222222222222,0.2469135802469135,0.4112829862758687,0.0,44,44,45,32
GAB,GA,2053.0,20344.0,20344.0,e.p.c.a okondja,12155.0,13.67334,-0.65161,3,,,2015.0,,,86,3,86,18,86,20,1,5425,0.0348837209302325,0.2093023255813953,0.2325581395348837,0.3908994841085548,0.0,45,45,44,32
GAB,GA,2060.0,20378.0,20378.0,e.p.c.methui,12169.0,11.58814,1.60977,3,,,2015.0,,,49,7,49,6,49,29,1,5594,0.1428571428571428,0.1224489795918367,0.5918367346938775,0.6537594959871843,1061.1839074923028,46,46,46,33
GAB,GA,2053.0,20343.0,20343.0,e.p.c.ngouoni,12058.0,13.733261,-1.5185765,1,,,2015.0,,,71,0,71,3,71,4,1,5421,0.0,0.0422535211267605,0.056338028169014,0.0907651596531086,0.0,47,47,48,34
GAB,GA,2053.0,20343.0,20343.0,e.p.c.ngouoni,11988.0,13.733261,-1.5185765,1,,,2015.0,,,76,0,76,3,76,4,1,5422,0.0,0.0394736842105263,0.0526315789473684,0.0849317932368159,0.0,48,48,47,34
GAB,GA,2060.0,20375.0,20375.0,e.p.c.st j. b,11952.0,10.5296115,0.8154355,1,,,2015.0,,,62,0,62,18,62,31,1,5575,0.0,0.2903225806451613,0.5,0.6086427267194157,23854.17739352347,49,49,49,35
GAB,GA,2060.0,20378.0,20378.0,e.p.c.st macaire,12170.0,11.57761,1.61189,3,,,2015.0,,,50,4,50,3,50,16,1,5593,0.08,0.06,0.32,0.3886188679245282,238.10209462756166,50,50,50,36
GAB,GA,2053.0,20342.0,20342.0,e.p.djoutou,11977.0,13.2980962,-1.6761005999999998,1,,,2015.0,,,21,3,21,8,21,8,1,5406,0.1428571428571428,0.3809523809523809,0.3809523809523809,0.6335148614701945,13704.82576598311,51,51,51,37
GAB,GA,2053.0,20339.0,20339.0,e.p.doumaye,12134.0,13.57942,-2.21186,3,,,2015.0,,,49,18,49,35,49,44,1,5395,0.3673469387755102,0.7142857142857143,0.8979591836734694,0.9259955701296964,0.0,52,52,53,38
GAB,GA,2053.0,20339.0,20339.0,e.p.doumaye,12126.0,13.57942,-2.21186,3,,,2015.0,,,52,18,52,35,52,44,1,5396,0.3461538461538461,0.6730769230769231,0.8461538461538461,0.9123719308490996,0.0,53,53,52,38
GAB,GA,2053.0,20341.0,20341.0,e.p.edjouangoulou,12151.0,14.42196,-1.4937,3,,,2015.0,,,8,4,8,6,8,6,1,5404,0.5,0.75,0.75,0.9139150943396226,21095.66248176081,54,54,54,39
GAB,GA,2053.0,20342.0,20342.0,e.p.konda,12048.0,13.1636,-1.57894,3,,,2015.0,,,26,1,26,8,26,12,1,5412,0.0384615384615384,0.3076923076923077,0.4615384615384615,0.6052421397961198,0.0,55,55,56,40
GAB,GA,2053.0,20342.0,20342.0,e.p.konda,11978.0,13.1636,-1.57894,3,,,2015.0,,,27,1,27,8,27,12,1,5411,0.037037037037037,0.2962962962962963,0.4444444444444444,0.5882386773760326,0.0,56,56,55,40
GAB,GA,2053.0,20341.0,20341.0,e.p.leconi,12152.0,14.25697,-1.58689,3,,,2015.0,,,96,6,96,45,96,50,1,5405,0.0625,0.46875,0.5208333333333334,0.7182571123231133,21095.66248176081,57,57,57,41
GAB,GA,2053.0,20337.0,20337.0,e.p.mamidy,12064.0,12.97184,-1.93722,3,,,2015.0,,,10,0,10,1,10,2,1,5382,0.0,0.1,0.2,0.2641509433962264,13110.251487298236,58,58,58,42
GAB,GA,2053.0,20340.0,20340.0,e.p.mbenguia 2,12076.0,13.49226,-1.63272,3,,,2015.0,,,50,0,50,34,50,38,1,5400,0.0,0.68,0.76,0.8709433962264149,8487.086938217097,59,59,59,43
GAB,GA,2053.0,20340.0,20340.0,e.p.mvengue,12077.0,13.41676,-1.6433179999999998,3,,,2015.0,,,50,0,50,18,50,13,1,5399,0.0,0.36,0.26,0.4966037735849056,8487.086938217097,60,60,60,44
GAB,GA,2053.0,20344.0,20344.0,e.p.odjala,12161.0,13.77533,-0.33672,3,,,2015.0,,,42,9,42,18,42,11,1,5429,0.2142857142857142,0.4285714285714285,0.2619047619047619,0.6307644351541155,0.0,61,61,62,45
GAB,GA,2053.0,20344.0,20344.0,e.p.odjala,12156.0,13.77533,-0.33672,3,,,2015.0,,,49,9,49,18,49,11,1,5423,0.1836734693877551,0.3673469387755102,0.2244897959183673,0.5655534042178869,0.0,62,62,61,45
GAB,GA,2053.0,20343.0,20343.0,e.p.okangoville,11989.0,13.7318129,-1.2265508,1,,,2015.0,,,12,0,12,0,12,0,1,5417,0.0,0.0,0.0,0.0,13494.972366380478,63,63,63,46
GAB,GA,2053.0,20344.0,20344.0,e.p.okondja b,12162.0,13.69774,-0.66537,3,,,2015.0,,,46,2,46,10,46,9,1,5432,0.0434782608695652,0.217391304347826,0.1956521739130435,0.37535802844378,0.0,64,64,65,47
GAB,GA,2053.0,20344.0,20344.0,e.p.okondja b,12157.0,13.69774,-0.66537,3,,,2015.0,,,50,2,50,10,50,9,1,5430,0.04,0.2,0.18,0.3492830188679245,0.0,65,65,64,47
GAB,GA,2053.0,20336.0,20336.0,e.p.osskama,12054.0,13.86914,-1.10596,3,,,2015.0,,,34,3,34,4,34,2,1,5373,0.088235294117647,0.1176470588235294,0.0588235294117647,0.2290803374950554,0.0,66,66,67,48
GAB,GA,2053.0,20336.0,20336.0,e.p.osskama,11984.0,13.86914,-1.10596,3,,,2015.0,,,35,3,35,4,35,2,1,5377,0.0857142857142857,0.1142857142857142,0.0571428571428571,0.2230925793497991,0.0,67,67,66,48
GAB,GA,2053.0,20341.0,20341.0,e.p.ossouele,12153.0,14.37418,-1.08325,3,,,2015.0,,,20,8,20,12,20,16,1,5403,0.4,0.6,0.8,0.8981132075471694,26126.632964927925,68,68,68,49
GAB,GA,2053.0,20338.0,20338.0,e.p.souba,11927.0,14.05405,-1.58752,3,,,2015.0,,,33,2,33,12,33,6,1,5390,0.0606060606060606,0.3636363636363636,0.1818181818181818,0.4819755326538421,21946.3349392408,69,69,69,50
GAB,GA,2053.0,20344.0,20344.0,e.p.tebe,12163.0,13.66638,-0.0134,3,,,2015.0,,,39,17,39,25,39,30,1,5426,0.4358974358974359,0.6410256410256411,0.7692307692307693,0.8993109529003243,0.0,70,70,71,51
GAB,GA,2053.0,20344.0,20344.0,e.p.tebe,12158.0,13.66638,-0.0134,3,,,2015.0,,,40,17,40,25,40,30,1,5427,0.425,0.625,0.75,0.8925412735849056,0.0,71,71,70,51
GAB,GA,2055.0,20348.0,20348.0,ecole  alliance chretienne,12164.0,10.58328,-1.23197,3,,,2014.0,,,48,1,48,5,48,5,1,5456,0.0208333333333333,0.1041666666666666,0.1041666666666666,0.2020771231874563,1946.5349066126862,72,72,72,52
GAB,GA,2053.0,20340.0,20340.0,ecole catholique akou,12078.0,13.59352,-1.63292,3,,,2015.0,,,48,1,48,16,48,16,1,5398,0.0208333333333333,0.3333333333333333,0.3333333333333333,0.5328441649196365,1549.5677120218575,73,73,73,53
GAB,GA,2051.0,20330.0,20330.0,ecole catholique de sainte marie,11995.0,9.44038,0.4052385,1,,,2014.0,,,46,0,46,1,46,2,1,5344,0.0,0.0217391304347826,0.0434782608695652,0.060634162000214,1552.2382803850244,74,74,74,54
GAB,GA,2052.0,20328.0,20328.0,ecole catholique notre dame de la merci,12100.0,9.58083,1.00211,3,,,2014.0,,,43,1,43,5,43,15,1,5333,0.0232558139534883,0.1162790697674418,0.3488372093023256,0.4131474361697355,525.7789655085772,75,75,75,55
GAB,GA,2053.0,20340.0,20340.0,ecole catholique saint hilaire,12079.0,13.60744,-1.63293,3,,,2015.0,,,47,0,47,6,47,3,1,5402,0.0,0.1276595744680851,0.0638297872340425,0.1729630926655107,1549.5677120218575,76,76,76,56
GAB,GA,2056.0,20358.0,20358.0,ecole catholique sainte therese,11896.0,10.65465,-3.4319800000000003,3,,,2015.0,,,48,0,48,8,48,4,1,5503,0.0,0.1666666666666666,0.0833333333333333,0.2227463312368972,676.3074594468658,77,77,77,57
GAB,GA,2052.0,20333.0,20333.0,ecole catholique st benoit,11964.0,9.77094,0.30907,4,,,2014.0,,,44,4,44,2,44,19,1,5357,0.0909090909090909,0.0454545454545454,0.4318181818181818,0.4782543980267354,7237.43149919723,78,78,78,58
GAB,GA,2054.0,20346.0,20346.0,ecole catholique st joseph,12127.0,10.22043,-0.7016800000000001,3,,,2014.0,,,39,1,43,1,43,7,1,5442,0.0256410256410256,0.0232558139534883,0.1627906976744186,0.1917248644189264,0.0,79,79,80,59
GAB,GA,2054.0,20346.0,20346.0,ecole catholique st joseph,12119.0,10.22043,-0.7016800000000001,3,,,2014.0,,,50,1,50,1,50,7,1,5445,0.02,0.02,0.14,0.1642037735849056,0.0,80,80,79,59
GAB,GA,2059.0,20372.0,20372.0,ecole charles ping,11947.0,9.2613,-1.57062,3,,,2015.0,,,50,4,50,7,50,7,1,5558,0.08,0.14,0.14,0.3014792452830189,0.0,81,81,82,60
GAB,GA,2059.0,20372.0,20372.0,ecole charles ping,11946.0,9.2613,-1.57062,3,,,2014.0,,,50,4,50,7,50,7,1,5559,0.08,0.14,0.14,0.3014792452830189,0.0,82,82,81,60
GAB,GA,2055.0,20351.0,20351.0,ecole communale  a,12090.0,10.38761,-1.70394,3,,,2015.0,,,62,1,62,6,62,8,1,5473,0.0161290322580645,0.0967741935483871,0.1290322580645161,0.213214957284174,0.0,83,83,153,61
GAB,GA,2055.0,20352.0,20352.0,ecole communale  b,11911.0,11.91761,-1.9105,3,,,2015.0,,,89,5,38,23,89,23,1,5477,0.0561797752808988,0.6052631578947368,0.2584269662921348,0.682753862716069,1554.4926870209704,84,84,84,62
GAB,GA,2056.0,20359.0,20359.0,ecole communale a,11936.0,10.92565842,-2.632749474,3,,,2015.0,,,69,0,69,21,69,31,1,5507,0.0,0.3043478260869565,0.4492753623188406,0.5819690646883284,0.0,85,85,86,63
GAB,GA,2056.0,20362.0,20362.0,ecole communale a,12070.0,10.92565842,-2.632749474,3,,,2015.0,,,49,0,49,6,49,7,1,5512,0.0,0.1224489795918367,0.1428571428571428,0.2337862368667142,0.0,86,86,85,63
GAB,GA,2056.0,20359.0,20359.0,ecole communale b,11937.0,10.95137875,-2.6292,3,,,2015.0,,,49,0,49,26,49,28,1,5506,0.0,0.5306122448979592,0.5714285714285714,0.7536168106056437,0.0,87,87,88,64
GAB,GA,2055.0,20352.0,20352.0,ecole communale b,11915.0,10.95137875,-2.6292,4,,,2015.0,,,89,5,89,23,89,23,1,5479,0.0561797752808988,0.2584269662921348,0.2584269662921348,0.4537400105670376,0.0,88,88,87,64
GAB,GA,2056.0,20362.0,20362.0,ecole communale b,12071.0,10.95137875,-2.6292,3,,,2015.0,,,49,0,49,4,48,5,1,5511,0.0,0.0816326530612244,0.1041666666666666,0.1672603003465536,0.0,89,89,87,64
GAB,GA,2056.0,20362.0,20362.0,ecole communale c,12072.0,11.00353,-2.91636,3,,,2015.0,,,42,0,42,7,42,3,1,5515,0.0,0.1666666666666666,0.0714285714285714,0.2133872416891284,1272.1954822133146,90,90,90,65
GAB,GA,2056.0,20362.0,20362.0,ecole communale d,12073.0,10.99288,-2.9205,3,,,2015.0,,,49,0,49,7,49,8,1,5514,0.0,0.1428571428571428,0.1632653061224489,0.2667913526596622,1220.7426923955923,91,91,91,66
GAB,GA,2056.0,20359.0,20359.0,ecole communale de l'alliance chretienne,11938.0,10.92673,-2.44534,3,,,2015.0,,,50,0,50,18,50,11,1,5508,0.0,0.36,0.22,0.4724528301886791,1479.0389257246989,92,92,92,67
GAB,GA,2056.0,20362.0,20362.0,ecole communale e,12074.0,10.98487,-2.91302,3,,,2015.0,,,47,0,47,5,47,11,1,5513,0.0,0.1063829787234042,0.2340425531914893,0.2976673471305209,1220.7426923955923,93,93,93,68
GAB,GA,2055.0,20349.0,20349.0,ecole de l'alliance chretienne,12040.0,11.5987,-2.35051,3,,,2015.0,,,48,14,48,34,48,39,1,5464,0.2916666666666667,0.7083333333333334,0.8125,0.9068519064465408,12038.372892564168,94,94,94,69
GAB,GA,2055.0,20352.0,20352.0,ecole de moukama,11912.0,12.02605,-2.0101,3,,,2015.0,,,42,6,42,31,42,38,1,5478,0.1428571428571428,0.7380952380952381,0.9047619047619048,0.9232264334305148,0.0,95,95,96,70
GAB,GA,2055.0,20352.0,20352.0,ecole de moukama,11916.0,12.02605,-2.0101,3,,,2015.0,,,44,6,44,31,44,38,1,5476,0.1363636363636363,0.7045454545454546,0.8636363636363636,0.9105705030974014,0.0,96,96,95,70
GAB,GA,2052.0,20333.0,20333.0,ecole meyang,11965.0,9.81959,0.38293,4,,,2014.0,,,42,3,42,4,42,18,1,5361,0.0714285714285714,0.0952380952380952,0.4285714285714285,0.4904926930340867,5231.341549563284,97,97,97,71
GAB,GA,2057.0,20364.0,20364.0,ecole mohoba mozeve,11959.0,13.22416,0.31776,3,,,2015.0,,,51,0,51,40,51,31,1,5525,0.0,0.7843137254901961,0.6078431372549019,0.8636010823123181,49149.19615056124,98,98,98,72
GAB,GA,2058.0,20369.0,20369.0,ecole priv. cath mikouyi,12080.0,12.66614,-0.88402,3,,,2015.0,,,42,0,42,3,42,6,1,5546,0.0,0.0714285714285714,0.1428571428571428,0.1925298421255294,9886.067471844568,99,99,99,73
GAB,GA,2056.0,20359.0,20359.0,ecole privee catholique saint kisito,11939.0,10.91346,-2.446,3,,,2015.0,,,48,0,48,18,48,15,1,5505,0.0,0.375,0.3125,0.5380306603773585,1479.0389257246989,100,100,100,74
GAB,GA,2059.0,20371.0,20371.0,ecole privee vie comblee,12095.0,11.5,-2.2669385,1,,,2015.0,,,41,0,41,0,41,9,1,5556,0.0,0.0,0.2195121951219512,0.2070869765301426,6799.226185128041,101,101,101,75
GAB,GA,2054.0,20347.0,20347.0,ecole protestante d'ebel abanga,11886.0,10.48581,-0.2739,3,,,2014.0,,,46,12,46,16,44,28,1,5451,0.2608695652173913,0.3478260869565217,0.6363636363636364,0.7780303300508742,0.0,102,102,103,76
GAB,GA,2054.0,20347.0,20347.0,ecole protestante d'ebel abanga,11891.0,10.48581,-0.2739,3,,,2014.0,,,50,12,50,16,50,28,1,5449,0.24,0.32,0.56,0.7288754716981132,0.0,103,103,102,76
GAB,GA,2057.0,20364.0,20364.0,ecole protestante de mbess,103059.0,12.68767,0.0,4,,,2015.0,7.0,0.0,25,1,25,7,25,3,1,667,0.04,0.28,0.12,0.3695698113207546,60850.02549885934,104,104,104,77
GAB,GA,2059.0,20371.0,20371.0,ecole pub augustin mayilas,12096.0,10.03172,-2.72215,3,,,2015.0,,,49,0,49,8,49,14,1,5554,0.0,0.1632653061224489,0.2857142857142857,0.3795588316189008,1315.3085439018994,105,105,105,78
GAB,GA,2058.0,20367.0,20367.0,ecole pub boundji mandji,12115.0,11.89337,-1.00027,3,,,2015.0,,,45,0,45,28,45,20,1,5537,0.0,0.6222222222222222,0.4444444444444444,0.7453994875378522,0.0,106,106,107,79
GAB,GA,2058.0,20367.0,20367.0,ecole pub boundji mandji,12111.0,11.89337,-1.00027,3,,,2014.0,,,45,0,45,28,45,20,1,5534,0.0,0.6222222222222222,0.4444444444444444,0.7453994875378522,0.0,107,107,106,79
GAB,GA,2058.0,20370.0,20370.0,ecole pub com pana,12020.0,12.62921,-1.66881,3,,,2015.0,,,109,0,109,44,109,12,1,5551,0.0,0.4036697247706422,0.110091743119266,0.4427554379673904,18263.21451640949,108,108,108,80
GAB,GA,2059.0,20371.0,20371.0,ecole pub com plaine 5,12097.0,10.02098,-2.7270700000000003,3,,,2015.0,,,47,0,47,13,47,17,1,5555,0.0,0.2765957446808511,0.3617021276595745,0.507785474516771,726.3515485460259,109,109,109,81
GAB,GA,2058.0,20367.0,20367.0,ecole pub d'iboundji,12116.0,11.82352,-1.22236,4,,,2015.0,,,116,0,116,76,116,66,1,5532,0.0,0.6551724137931034,0.5689655172413793,0.8031768110739684,0.0,110,110,111,82
GAB,GA,2058.0,20367.0,20367.0,ecole pub d'iboundji,12112.0,11.82352,-1.22236,4,,,2014.0,,,118,0,118,76,118,66,1,5533,0.0,0.6440677966101694,0.559322033898305,0.795423132584976,0.0,111,111,110,82
GAB,GA,2058.0,20368.0,20368.0,ecole pub de koungou,12016.0,12.47637,-1.1436,3,,,2015.0,,,108,1,108,8,108,11,1,5540,0.0092592592592592,0.074074074074074,0.1018518518518518,0.1661146387218545,18731.45514139939,112,112,112,83
GAB,GA,2058.0,20369.0,20369.0,ecole pub de matsatsa,12081.0,12.99685,-1.24106,3,,,2015.0,,,25,0,25,4,25,5,1,5543,0.0,0.16,0.2,0.3094339622641509,35464.635110723044,113,113,113,84
GAB,GA,2058.0,20369.0,20369.0,ecole pub de mouanandzokou,12082.0,12.7263,-0.8187000000000001,3,,,2015.0,,,85,0,85,5,85,5,1,5547,0.0,0.0588235294117647,0.0588235294117647,0.1077234445387477,9886.067471844568,114,114,114,85
GAB,GA,2058.0,20367.0,20367.0,ecole pub de moudouma,12117.0,12.0077,-1.41864,4,,,2015.0,,,28,0,28,18,28,22,1,5539,0.0,0.6428571428571429,0.7857142857142857,0.8711975356180207,0.0,115,115,116,86
GAB,GA,2058.0,20367.0,20367.0,ecole pub de moudouma,12113.0,12.0077,-1.41864,4,,,2014.0,,,29,0,29,18,29,22,1,5535,0.0,0.6206896551724138,0.7586206896551724,0.8570210665649608,0.0,116,116,115,86
GAB,GA,2058.0,20369.0,20369.0,ecole pub de ndangui,12083.0,12.97951,-0.75938,3,,,2015.0,,,57,0,57,23,57,16,1,5545,0.0,0.4035087719298245,0.2807017543859649,0.5386272699292088,8302.671309493324,117,117,117,87
GAB,GA,2055.0,20348.0,20348.0,ecole pub du centre de fougamou,12165.0,10.591374,-1.2164736,3,,,2014.0,,,46,1,46,3,46,5,1,5458,0.0217391304347826,0.0652173913043478,0.108695652173913,0.1744685981722909,1946.5349066126862,118,118,118,88
GAB,GA,2059.0,20371.0,20371.0,ecole pub gamba a,12098.0,10.01951,-2.72072,3,,,2015.0,,,50,0,50,15,50,12,1,5557,0.0,0.3,0.24,0.4415094339622641,88.21718589426783,119,119,119,89
GAB,GA,2059.0,20371.0,20371.0,ecole pub gamba b,12099.0,10.01988,-2.72002,3,,,2015.0,,,50,0,49,5,50,15,1,5553,0.0,0.1020408163265306,0.3,0.3504043126684636,88.21718589426783,120,120,120,90
GAB,GA,2058.0,20370.0,20370.0,ecole pub grang village,12022.0,12.65953,-1.82997,3,,,2015.0,,,17,0,17,16,17,13,1,5548,0.0,0.9411764705882352,0.7647058823529411,0.9303388391982764,18263.21451640949,121,121,121,91
GAB,GA,2052.0,20329.0,20329.0,ecole pub kango2,11970.0,10.0875,0.19924,3,,,2014.0,,,49,0,49,4,49,10,1,5340,0.0,0.0816326530612244,0.2040816326530612,0.2538250571695755,3215.6299910656007,122,122,122,92
GAB,GA,2058.0,20368.0,20368.0,ecole pub lebagny,12017.0,12.55508,-1.38042,3,,,2014.0,,,20,0,20,14,20,4,1,5541,0.0,0.7,0.2,0.7169811320754715,5455.6870106615115,123,123,123,93
GAB,GA,2058.0,20368.0,20368.0,ecole pub midouma,12018.0,12.36376,-1.4487,3,,,2015.0,,,30,4,30,24,30,27,1,5542,0.1333333333333333,0.8,0.9,0.9270440251572328,22614.122135809583,124,124,124,94
GAB,GA,2058.0,20367.0,20367.0,ecole pub moughounda,12118.0,12.15147,-1.38828,3,,,2015.0,,,2,0,2,2,2,1,1,5536,0.0,1.0,0.5,0.9433962264150942,0.0,125,125,126,95
GAB,GA,2058.0,20367.0,20367.0,ecole pub moughounda,12114.0,12.15147,-1.38828,3,,,2014.0,,,2,0,2,2,2,1,1,5538,0.0,1.0,0.5,0.9433962264150942,0.0,126,126,125,95
GAB,GA,2058.0,20369.0,20369.0,ecole pub ndekabalandji,12084.0,12.90692,-0.77651,3,,,2015.0,,,43,0,43,37,43,13,1,5544,0.0,0.8604651162790697,0.3023255813953488,0.8515566803065397,8302.671309493324,127,127,127,96
GAB,GA,2056.0,20358.0,20358.0,"ecole pub. communale """"c""""",11897.0,10.65798,-3.40983,3,,,2015.0,,,49,1,49,3,49,8,1,5502,0.0204081632653061,0.0612244897959183,0.1632653061224489,0.2174761286250097,2111.011282797993,128,128,128,97
GAB,GA,2056.0,20358.0,20358.0,ecole pub. communale a,11898.0,10.65075,-3.42733,3,,,2015.0,,,49,0,49,10,49,10,1,5501,0.0,0.2040816326530612,0.2040816326530612,0.3457678797356447,676.3074594468658,129,129,129,98
GAB,GA,2058.0,20370.0,20370.0,ecole pub. lemengue,12023.0,12.58362,-1.42025,3,,,2015.0,,,51,0,51,22,51,11,1,5552,0.0,0.4313725490196078,0.2156862745098039,0.5226581938731838,5455.6870106615115,130,130,130,99
GAB,GA,2054.0,20346.0,20346.0,ecole publique ''jacqueline rawiri'',12128.0,10.24374,-0.6970000000000001,3,,,2014.0,,,32,0,32,1,33,2,1,5444,0.0,0.03125,0.0606060606060606,0.0848699256718124,0.0,131,131,132,100
GAB,GA,2054.0,20346.0,20346.0,ecole publique ''jacqueline rawiri'',12120.0,10.24374,-0.6970000000000001,3,,,2014.0,,,49,0,49,1,49,2,1,5443,0.0,0.0204081632653061,0.0408163265306122,0.0569731165473505,0.0,132,132,131,100
GAB,GA,2055.0,20351.0,20351.0,ecole publique  de lambarene kili,12091.0,10.36775,-1.55654,3,,,2015.0,,,25,2,25,10,25,6,1,5474,0.08,0.4,0.24,0.5476226415094338,8142.895682070112,133,133,133,101
GAB,GA,2054.0,20347.0,20347.0,ecole publique bifoun centre,11887.0,10.41495,-0.255637,1,,,2014.0,,,44,3,44,14,44,20,1,5452,0.0681818181818181,0.3181818181818182,0.4545454545454545,0.6164679698907048,0.0,134,134,135,102
GAB,GA,2054.0,20347.0,20347.0,ecole publique bifoun centre,11892.0,10.41495,-0.255637,1,,,2014.0,,,49,3,49,14,49,20,1,5446,0.0612244897959183,0.2857142857142857,0.4081632653061224,0.569001460532505,0.0,135,135,134,102
GAB,GA,2052.0,20328.0,20328.0,ecole publique bissobiname,12101.0,9.63988,0.39589,4,,,2014.0,,,35,9,35,10,35,28,1,5337,0.2571428571428571,0.2857142857142857,0.8,0.843280708509819,8610.07703949057,136,136,136,103
GAB,GA,2055.0,20353.0,20353.0,ecole publique catholique de moukabou,12135.0,11.673,-1.62308,3,,,2015.0,,,42,14,43,23,43,40,1,5484,0.3333333333333333,0.5348837209302325,0.9302325581395348,0.9229874383909707,8111.864270696746,137,137,137,104
GAB,GA,2055.0,20355.0,20355.0,ecole publique catolique de doussala,11932.0,11.58754,-2.65794,3,,,2015.0,,,41,10,41,13,41,18,1,5495,0.2439024390243902,0.3170731707317073,0.4390243902439024,0.6701273785436046,18860.89911380169,138,138,138,105
GAB,GA,2056.0,20358.0,20358.0,ecole publique communale b,11899.0,10.6585,-3.44695,3,,,2015.0,,,44,0,44,5,44,8,1,5504,0.0,0.1136363636363636,0.1818181818181818,0.2592390456884453,1723.5942810130082,139,139,139,106
GAB,GA,2057.0,20366.0,20366.0,ecole publique communale d'ovan centre,12087.0,12.17812,0.31258,3,,,2015.0,,,79,0,79,16,79,17,1,5530,0.0,0.2025316455696202,0.2151898734177215,0.3529610941642758,15588.460354801246,140,140,140,107
GAB,GA,2056.0,20361.0,20361.0,ecole publique communale de ndindi,11958.0,11.18102,-3.78332,3,,,2015.0,,,66,0,66,24,66,18,1,5510,0.0,0.3636363636363636,0.2727272727272727,0.5067830968345547,64106.50941865223,141,141,141,108
GAB,GA,2057.0,20364.0,20364.0,ecole publique communale loaloa,11961.0,12.82878,0.5280900000000001,3,,,2015.0,,,34,0,34,23,34,19,1,5526,0.0,0.6764705882352942,0.5588235294117647,0.8087419207416596,3795.2655638479782,142,142,142,109
GAB,GA,2051.0,20334.0,20334.0,ecole publique d'akournam 2,12145.0,9.4976082,0.3253985,1,,,2014.0,,,47,0,47,0,47,5,1,5366,0.0,0.0,0.1063829787234042,0.1003613006824568,0.0,143,143,151,110
GAB,GA,2051.0,20334.0,20334.0,ecole publique d'alenakiri,12146.0,9.5145127,0.3070451999999999,1,,,2014.0,,,42,0,42,3,42,7,1,5363,0.0,0.0714285714285714,0.1666666666666666,0.2133872416891284,2777.6744958582362,144,144,144,111
GAB,GA,2055.0,20356.0,20356.0,ecole publique d'idemba,12066.0,10.83842,-1.86486,3,,,2015.0,,,32,1,32,9,32,8,1,5497,0.03125,0.28125,0.25,0.4507388708726415,24027.193727319227,145,145,145,112
GAB,GA,2055.0,20356.0,20356.0,ecole publique d'ilendo,12067.0,10.92913,-2.1236,3,,,2015.0,,,23,0,24,20,24,10,1,5498,0.0,0.8333333333333334,0.4166666666666667,0.85167714884696,25853.275299273846,146,146,146,113
GAB,GA,2055.0,20352.0,20352.0,ecole publique d'imeno mbila,11917.0,11.84427,-1.69772,3,,,2015.0,,,38,7,38,24,38,36,1,5482,0.1842105263157894,0.631578947368421,0.9473684210526316,0.9284729882512164,20798.94527546015,147,147,147,114
GAB,GA,2055.0,20349.0,20349.0,ecole publique d'issinga,12041.0,11.49205,-2.33262,3,,,2015.0,,,49,7,48,39,47,38,1,5463,0.1428571428571428,0.8125,0.8085106382978723,0.9143631358605264,7370.847018208575,148,148,148,115
GAB,GA,2051.0,20330.0,20330.0,ecole publique d'okala,11997.0,9.4058,0.48287,3,,,2014.0,,,47,0,46,2,47,6,1,5345,0.0,0.0434782608695652,0.1276595744680851,0.1562145462796501,8634.406490892266,149,149,149,116
GAB,GA,2052.0,20333.0,20333.0,ecole publique d'okolassi,11966.0,9.71514,0.37805,4,,,2014.0,,,43,0,43,5,43,11,1,5362,0.0,0.1162790697674418,0.2558139534883721,0.3229690704817494,6505.905938665601,150,150,150,117
GAB,GA,2051.0,20332.0,20332.0,ecole publique d'ozoungue,12012.0,9.4976082,0.3253985,1,,,2014.0,,,45,0,50,1,45,5,1,5355,0.0,0.02,0.1111111111111111,0.1215932914046121,0.0,151,151,143,110
GAB,GA,2051.0,20331.0,20331.0,ecole publique de belle vue 2,12005.0,9.4659716,0.3989592999999999,1,,,2014.0,,,43,1,43,0,43,7,1,5349,0.0232558139534883,0.0,0.1627906976744186,0.1719440391032378,1466.2706653471248,152,152,152,118
GAB,GA,2055.0,20351.0,20351.0,ecole publique de bemboudie,12092.0,10.38761,-1.70394,3,,,2015.0,,,22,0,22,0,22,3,1,5471,0.0,0.0,0.1363636363636363,0.1286449399656946,0.0,153,153,83,61
GAB,GA,2054.0,20346.0,20346.0,ecole publique de bindo,12129.0,10.38836,-0.4381,3,,,2014.0,,,50,0,49,9,48,15,1,5441,0.0,0.1836734693877551,0.3125,0.4139391605698883,0.0,154,154,155,119
GAB,GA,2054.0,20346.0,20346.0,ecole publique de bindo,12121.0,10.38836,-0.4381,3,,,2014.0,,,50,0,50,9,50,15,1,5440,0.0,0.18,0.3,0.4018867924528301,0.0,155,155,154,119
GAB,GA,2052.0,20328.0,20328.0,ecole publique de biyemam,12102.0,9.6545,0.64802,3,,,2014.0,,,39,15,40,9,40,25,1,5334,0.3846153846153846,0.225,0.625,0.7746734397677795,11352.7283516082,156,156,156,120
GAB,GA,2055.0,20355.0,20355.0,ecole publique de ferra,11933.0,11.29877,-2.3251,3,,,2015.0,,,16,1,16,0,16,3,1,5493,0.0625,0.0,0.1875,0.2247936320754716,10544.499646319435,157,157,157,121
GAB,GA,2051.0,20332.0,20332.0,ecole publique de glass,12013.0,9.45611,0.3727,3,,,2014.0,,,43,1,43,0,43,2,1,5356,0.0232558139534883,0.0,0.0465116279069767,0.0647979019765911,915.5060337337442,158,158,158,122
GAB,GA,2055.0,20356.0,20356.0,ecole publique de guietsou,12068.0,10.66571,-2.19349,3,,,2015.0,,,59,1,59,30,59,29,1,5499,0.0169491525423728,0.5084745762711864,0.4915254237288136,0.7116112163366263,4497.075326090133,159,159,159,123
GAB,GA,2055.0,20351.0,20351.0,ecole publique de kanana,12093.0,10.38466,-1.62768,3,,,2015.0,,,16,2,16,1,16,4,1,5472,0.125,0.0625,0.25,0.3629864386792452,8142.895682070112,160,160,160,124
GAB,GA,2052.0,20329.0,20329.0,ecole publique de kango 1,11971.0,10.08491,0.17047,3,,,2014.0,,,50,3,50,3,50,13,1,5342,0.06,0.06,0.26,0.326543396226415,3215.6299910656007,161,161,161,125
GAB,GA,2057.0,20366.0,20366.0,ecole publique de koumameyong,12088.0,11.87133,0.2188,3,,,2015.0,,,38,0,38,19,38,13,1,5529,0.0,0.5,0.3421052631578947,0.6330685203574974,8971.243665196289,162,162,162,126
GAB,GA,2051.0,20334.0,20334.0,ecole publique de la sni 1,12147.0,9.4976082,0.3253985,1,,,2014.0,,,45,0,45,2,45,8,1,5364,0.0,0.0444444444444444,0.1777777777777777,0.2021896109946424,0.0,163,163,143,110
GAB,GA,2051.0,20332.0,20332.0,ecole publique de lalala,12014.0,9.46385,0.36992,3,,,2014.0,,,47,1,47,0,47,3,1,5354,0.0212765957446808,0.0,0.0638297872340425,0.0790078324521468,915.5060337337442,164,164,164,127
GAB,GA,2055.0,20349.0,20349.0,ecole publique de lembamba2,12042.0,11.47174,-2.20965,3,,,2015.0,,,46,0,46,11,46,15,1,5465,0.0,0.2391304347826087,0.3260869565217391,0.4596604486927988,541.4226334497218,165,165,165,128
GAB,GA,2055.0,20350.0,20350.0,ecole publique de levinda,12035.0,12.06189,-2.03419,3,,,2015.0,,,22,6,22,14,22,16,1,5469,0.2727272727272727,0.6363636363636364,0.7272727272727273,0.8753526218051401,4808.1221462608555,166,166,166,129
GAB,GA,2055.0,20350.0,20350.0,ecole publique de leyouga,12036.0,12.17501,-2.19383,3,,,2015.0,,,7,3,7,2,7,7,1,5468,0.4285714285714285,0.2857142857142857,1.0,0.943396226415094,5109.770076594787,167,167,167,130
GAB,GA,2056.0,20357.0,20357.0,ecole publique de mabanda,11940.0,11.52981,-2.81705,3,,,2015.0,,,80,0,80,32,80,26,1,5500,0.0,0.4,0.325,0.5613207547169812,18860.89911380169,168,168,168,131
GAB,GA,2055.0,20350.0,20350.0,ecole publique de mabonga,12037.0,12.15272,-2.0435,3,,,2015.0,,,40,8,40,24,40,33,1,5466,0.2,0.6,0.825,0.8905660377358487,10164.191809145455,169,169,169,132
GAB,GA,2056.0,20360.0,20360.0,ecole publique de magonga,12065.0,11.58873,-3.37741,3,,,2015.0,,,76,0,76,13,76,5,1,5509,0.0,0.1710526315789473,0.0657894736842105,0.2128194742068677,62813.86846782087,170,170,170,133
GAB,GA,2051.0,20330.0,20330.0,ecole publique de malibe 2,11998.0,9.3810927,0.5563908,3,,,2014.0,,,46,14,46,2,45,31,1,5343,0.3043478260869565,0.0434782608695652,0.6888888888888889,0.7480987425346663,8634.406490892266,171,171,171,134
GAB,GA,2055.0,20350.0,20350.0,ecole publique de malinga,12038.0,12.22294,-2.41815,3,,,2015.0,,,49,11,49,33,49,42,1,5470,0.2244897959183673,0.673469387755102,0.8571428571428571,0.9092684876359916,25554.651515298716,172,172,172,135
GAB,GA,2055.0,20355.0,20355.0,ecole publique de mbadi,11934.0,11.17575,-2.11463,3,,,2015.0,,,10,1,10,0,10,0,1,5492,0.1,0.0,0.0,0.0943396226415094,27153.320921707964,173,173,173,136
GAB,GA,2055.0,20350.0,20350.0,ecole publique de mbenga mamba,12039.0,12.1638,-2.14935,3,,,2015.0,,,25,8,25,19,25,24,1,5467,0.32,0.76,0.96,0.9372377358490568,5109.770076594787,174,174,174,137
GAB,GA,2055.0,20352.0,20352.0,ecole publique de mbigou a,11914.0,11.9062829,-1.9023377,1,,,2015.0,,,66,5,66,30,66,35,1,5480,0.0757575757575757,0.4545454545454545,0.5303030303030303,0.7200100175306786,1554.4926870209704,175,175,175,138
GAB,GA,2057.0,20364.0,20364.0,ecole publique de mbolo edock,11962.0,12.85069,0.5542100000000001,3,,,2015.0,,,70,1,69,18,70,16,1,5523,0.0142857142857142,0.2608695652173913,0.2285714285714285,0.4131690412013861,1248.5706358678383,176,176,176,139
GAB,GA,2055.0,20349.0,20349.0,ecole publique de memba,103199.0,11.45831,-2.15431,3,,,2015.0,6.0,0.0,34,9,34,15,34,9,1,670,0.2647058823529412,0.4411764705882353,0.2647058823529412,0.6583659447979752,6343.576699341414,177,177,177,140
GAB,GA,2055.0,20353.0,20353.0,ecole publique de mimongo a,12137.0,11.6001358,-1.6240082,1,,,2015.0,,,47,12,48,28,48,40,1,5487,0.2553191489361702,0.5833333333333334,0.8333333333333334,0.894609483027789,0.0,178,178,179,141
GAB,GA,2055.0,20353.0,20353.0,ecole publique de mimongo b,12138.0,11.6001358,-1.6240082,1,,,2015.0,,,50,12,50,37,50,44,1,5485,0.24,0.74,0.88,0.9210264150943396,0.0,179,179,178,141
GAB,GA,2057.0,20366.0,20366.0,ecole publique de mintoum,12089.0,12.26924,0.41891,3,,,2015.0,,,12,0,12,0,12,1,1,5531,0.0,0.0,0.0833333333333333,0.0786163522012578,15588.460354801246,180,180,180,142
GAB,GA,2055.0,20356.0,20356.0,ecole publique de moussa,12069.0,10.70402,-2.18068,3,,,2015.0,,,17,1,17,15,17,12,1,5496,0.0588235294117647,0.8823529411764706,0.7058823529411765,0.9126729623755228,4497.075326090133,181,181,181,143
GAB,GA,2055.0,20355.0,20355.0,ecole publique de ndende,11935.0,11.35469,-2.40149,3,,,2015.0,,,59,3,59,6,59,9,1,5494,0.0508474576271186,0.1016949152542373,0.1525423728813559,0.2617296490142889,10544.499646319435,182,182,182,144
GAB,GA,2054.0,20347.0,20347.0,ecole publique de ndjole centre,11888.0,10.76714,-0.18244,3,,,2014.0,,,49,1,49,6,49,13,1,5450,0.0204081632653061,0.1224489795918367,0.2653061224489796,0.3475720952491076,0.0,183,183,184,145
GAB,GA,2054.0,20347.0,20347.0,ecole publique de ndjole centre,11893.0,10.76714,-0.18244,3,,,2014.0,,,50,1,50,6,50,13,1,5455,0.02,0.12,0.26,0.341343396226415,0.0,184,184,183,145
GAB,GA,2052.0,20333.0,20333.0,ecole publique de ntoum,11967.0,9.7734455,0.3740354999999999,1,,,2014.0,,,45,0,43,0,45,7,1,5359,0.0,0.0,0.1555555555555555,0.1467505241090146,5231.341549563284,185,185,185,146
GAB,GA,2051.0,20331.0,20331.0,ecole publique de nzeng ayong  dragages,12006.0,9.47972,0.4357,3,,,2014.0,,,43,0,43,0,43,3,1,5350,0.0,0.0,0.0697674418604651,0.0658183413777972,1260.7448937565134,186,186,186,147
GAB,GA,2057.0,20363.0,20363.0,ecole publique de petit okano,12026.0,11.87439,0.04751,3,,,2015.0,,,29,0,29,12,29,13,1,5518,0.0,0.4137931034482758,0.4482758620689655,0.6382787786328045,8676.031300641755,187,187,187,148
GAB,GA,2055.0,20351.0,20351.0,ecole publique de sievanou,12094.0,10.38909,-1.7215600000000002,3,,,2015.0,,,42,8,42,5,42,10,1,5475,0.1904761904761904,0.119047619047619,0.238095238095238,0.4307982552110391,1969.230145707042,188,188,188,149
GAB,GA,2055.0,20348.0,20348.0,ecole publique de sindara,12166.0,10.66212,-1.03946,3,,,2014.0,,,49,10,49,11,49,17,1,5460,0.2040816326530612,0.2244897959183673,0.3469387755102041,0.5631157085908082,11956.91650257838,189,189,189,150
GAB,GA,2057.0,20363.0,20363.0,ecole publique de tsong bial,12027.0,11.94016,0.11018,3,,,2015.0,,,50,0,50,11,50,7,1,5516,0.0,0.22,0.14,0.310566037735849,3956.5423275231533,190,190,190,151
GAB,GA,2051.0,20331.0,20331.0,ecole publique de venez voir,12007.0,9.4672676,0.4161976,1,,,2014.0,,,46,0,50,0,50,0,1,5352,0.0,0.0,0.0,0.0,1533.276242880083,191,191,191,152
GAB,GA,2055.0,20353.0,20353.0,ecole publique de yeno,12139.0,11.48575,-1.6749,3,,,2015.0,,,50,5,50,34,50,45,1,5486,0.1,0.68,0.9,0.9162264150943394,13937.731230193764,192,192,192,153
GAB,GA,2051.0,20330.0,20330.0,ecole publique du cap esterias,12001.0,9.3237451,0.6121468,3,,,2014.0,,,41,8,41,0,41,9,1,5346,0.1951219512195122,0.0,0.2195121951219512,0.3507570740686698,8904.030088029529,193,193,193,154
GAB,GA,2058.0,20370.0,20370.0,ecole publique koumbi,12024.0,12.6247,-1.223032222,3,,,2015.0,,,10,0,10,3,10,2,1,5549,0.0,0.3,0.2,0.4150943396226415,18731.45514139939,194,194,194,155
GAB,GA,2051.0,20331.0,20331.0,ecole publique mont bouet 1,12008.0,9.4528,0.3989,1,,,2014.0,,,33,1,34,1,34,9,1,5351,0.0303030303030303,0.0294117647058823,0.2647058823529412,0.2905268655741986,1466.2706653471248,195,195,195,156
GAB,GA,2055.0,20354.0,20354.0,ecole publique mouila a,11942.0,11.0542052,-1.8697188,1,,,2015.0,,,50,3,50,6,50,15,1,5490,0.06,0.12,0.3,0.397132075471698,0.0,196,196,197,157
GAB,GA,2055.0,20354.0,20354.0,ecole publique mouila c,103023.0,11.0542052,-1.8697188,1,,,2015.0,10.0,0.0,45,0,45,5,44,11,1,665,0.0,0.1111111111111111,0.25,0.3144654088050314,0.0,197,197,196,157
GAB,GA,2055.0,20354.0,20354.0,ecole publique mouila d,11944.0,11.0542052,-1.8697188,1,,,2015.0,,,50,0,50,6,50,12,1,5489,0.0,0.12,0.24,0.3124528301886792,0.0,198,198,196,157
GAB,GA,2055.0,20354.0,20354.0,ecole publique mouila e,103025.0,11.0542052,-1.8697188,1,,,2015.0,9.0,0.0,49,2,49,2,49,7,1,666,0.0408163265306122,0.0408163265306122,0.1428571428571428,0.1994339734903807,0.0,199,199,196,157
GAB,GA,2051.0,20334.0,20334.0,ecole publique octra 1,12148.0,9.4993349,0.3273213,1,,,2014.0,,,49,1,49,2,49,5,1,5365,0.0204081632653061,0.0408163265306122,0.1020408163265306,0.147424454288957,287.6865395366892,200,200,200,158
GAB,GA,2055.0,20348.0,20348.0,ecole publique oyenano,12167.0,10.59301,-1.12167,3,,,2014.0,,,50,8,50,10,50,9,1,5457,0.16,0.2,0.18,0.4235471698113207,4144.526649237173,201,201,201,159
GAB,GA,2057.0,20363.0,20363.0,ecole publique rurale de djidji,12028.0,11.79161,0.23061,3,,,2015.0,,,53,6,53,35,53,17,1,5519,0.1132075471698113,0.660377358490566,0.320754716981132,0.750404189554477,8971.243665196289,202,202,202,160
GAB,GA,2057.0,20365.0,20365.0,ecole publique rurale de malassa,12178.0,14.04312,0.90206,3,,,2015.0,,,39,0,39,26,39,14,1,5527,0.0,0.6666666666666666,0.358974358974359,0.7418158361554587,110204.51226456564,203,203,203,161
GAB,GA,2051.0,20331.0,20331.0,ecole publique sibang 3,12009.0,9.4941585,0.4169967,1,,,2014.0,,,47,0,47,1,46,8,1,5353,0.0,0.0212765957446808,0.1739130434782608,0.1806503412284223,1953.122917809748,204,204,204,162
GAB,GA,2057.0,20363.0,20363.0,ecole saint marcel de massoukou,12034.0,11.94719,0.07534,3,,,2015.0,,,49,0,48,19,48,18,1,5520,0.0,0.3958333333333333,0.375,0.5871658805031446,0.0,205,205,206,163
GAB,GA,2057.0,20363.0,20363.0,ecole saint marcel de massoukou,12029.0,11.94719,0.07534,3,,,2015.0,,,49,0,49,19,49,18,1,5517,0.0,0.3877551020408163,0.3673469387755102,0.5779824444217424,0.0,206,206,205,163
GAB,GA,2054.0,20347.0,20347.0,ecole sbo + setrag,11889.0,10.7715,-0.13367,3,,,2014.0,,,36,1,36,4,36,5,1,5448,0.0277777777777777,0.1111111111111111,0.1388888888888889,0.2413489660170302,0.0,207,207,208,164
GAB,GA,2054.0,20347.0,20347.0,ecole sbo + setrag,11894.0,10.7715,-0.13367,3,,,2014.0,,,46,1,46,4,46,5,1,5447,0.0217391304347826,0.0869565217391304,0.108695652173913,0.1923506360384026,0.0,208,208,207,164
GAB,GA,2060.0,20378.0,20378.0,ecole st eloi,12171.0,11.57861,1.61,3,,,2015.0,,,48,0,49,3,49,14,1,5592,0.0,0.0612244897959183,0.2857142857142857,0.3107981737169261,238.10209462756166,209,209,209,165
GAB,GA,2059.0,20373.0,20373.0,ecp de balise 2,11901.0,8.76879,-0.7208800000000001,3,,,2015.0,,,50,1,50,4,50,8,1,5561,0.02,0.08,0.16,0.2289207547169811,0.0,210,210,211,166
GAB,GA,2059.0,20373.0,20373.0,ecp de balise 2,11906.0,8.76879,-0.7208800000000001,3,,,2014.0,,,50,1,50,4,50,8,1,5562,0.02,0.08,0.16,0.2289207547169811,0.0,211,211,210,166
GAB,GA,2052.0,20328.0,20328.0,ep bengole,12103.0,9.65816,0.7499300000000001,3,,,2014.0,,,24,6,24,9,24,17,1,5336,0.25,0.375,0.7083333333333334,0.8144162735849056,11352.7283516082,212,212,212,167
GAB,GA,2052.0,20328.0,20328.0,ep cocobeach,12104.0,9.584348,1.005261,3,,,2014.0,,,46,3,46,8,46,27,1,5338,0.0652173913043478,0.1739130434782608,0.5869565217391305,0.6424933821921652,525.7789655085772,213,213,213,168
GAB,GA,2059.0,20373.0,20373.0,ep de matiti 2,11902.0,8.77946,-0.7397900000000001,3,,,2015.0,,,50,0,50,5,50,4,1,5565,0.0,0.1,0.08,0.1622641509433962,0.0,214,214,215,169
GAB,GA,2059.0,20373.0,20373.0,ep de matiti 2,11907.0,8.77946,-0.7397900000000001,3,,,2014.0,,,50,0,50,5,50,4,1,5566,0.0,0.1,0.08,0.1622641509433962,0.0,215,215,214,169
GAB,GA,2052.0,20333.0,20333.0,ep meba,11968.0,9.75792,0.44937,4,,,2014.0,,,24,7,24,4,24,13,1,5360,0.2916666666666667,0.1666666666666666,0.5416666666666666,0.6881660552061496,8562.648556944438,216,216,216,170
GAB,GA,2060.0,20377.0,20377.0,ep minko mibe,12140.0,11.58973,0.86721,3,,,2015.0,,,26,0,26,4,26,8,1,5588,0.0,0.1538461538461538,0.3076923076923077,0.3907558334263704,9401.068984545698,217,217,217,171
GAB,GA,2051.0,20331.0,20331.0,ep nzeng ayong 1,12010.0,9.4782829,0.4244663999999999,1,,,2014.0,,,49,1,49,0,49,14,1,5348,0.0204081632653061,0.0,0.2857142857142857,0.2832939105561362,1260.7448937565134,218,218,218,172
GAB,GA,2059.0,20373.0,20373.0,ep roger buttin a,11903.0,8.78344,-0.73702,3,,,2015.0,,,50,0,50,2,50,4,1,5569,0.0,0.04,0.08,0.110188679245283,0.0,219,219,220,173
GAB,GA,2059.0,20373.0,20373.0,ep roger buttin a,11908.0,8.78344,-0.73702,3,,,2014.0,,,50,0,50,2,50,4,1,5563,0.0,0.04,0.08,0.110188679245283,0.0,220,220,219,173
GAB,GA,2059.0,20373.0,20373.0,ep roger buttin b,11909.0,8.78346,-0.73704,3,,,2014.0,,,49,1,50,1,50,7,1,5564,0.0204081632653061,0.02,0.14,0.1645283018867924,0.0,221,221,222,174
GAB,GA,2059.0,20373.0,20373.0,ep roger buttin b,11904.0,8.78346,-0.73704,3,,,2015.0,,,50,1,50,1,50,7,1,5560,0.02,0.02,0.14,0.1642037735849056,0.0,222,222,221,174
GAB,GA,2051.0,20330.0,20330.0,ep sotega,12002.0,9.453038,0.4142689,1,,,2014.0,,,40,0,40,1,40,7,1,5347,0.0,0.025,0.175,0.1845518867924528,1598.5168607943551,223,223,223,175
GAB,GA,2055.0,20348.0,20348.0,ep yombi,12168.0,10.6248,-1.141045,3,,,2014.0,,,43,5,43,7,43,8,1,5459,0.1162790697674418,0.1627906976744186,0.1860465116279069,0.3752725225807813,4144.526649237173,224,224,224,176
GAB,GA,2060.0,20374.0,20374.0,epc agnizok,12106.0,11.4837,2.08226,3,,,2015.0,,,69,1,69,20,69,34,1,5570,0.0144927536231884,0.2898550724637681,0.4927536231884058,0.6084925619050556,1491.5785084762172,225,225,225,177
GAB,GA,2060.0,20376.0,20376.0,epc alep,11956.0,12.08179,2.15608,3,,,2015.0,,,30,0,30,12,30,19,1,5580,0.0,0.4,0.6333333333333333,0.7358490566037733,2643.6108990665407,226,226,226,178
GAB,GA,2060.0,20374.0,20374.0,epc bitam,12107.0,11.4963935,2.0779721,1,,,2015.0,,,125,1,125,22,124,54,1,5572,0.008,0.176,0.4354838709677419,0.5080754716981132,1491.5785084762172,227,227,227,179
GAB,GA,2060.0,20377.0,20377.0,epc mitzic centre,12141.0,11.5503832,0.782292,1,,,2015.0,,,99,0,100,15,100,50,1,5587,0.0,0.15,0.5,0.5424528301886793,0.0,228,228,234,180
GAB,GA,2060.0,20377.0,20377.0,epc st joseph,12142.0,11.55108,0.7921300000000001,3,,,2015.0,,,52,0,52,12,52,22,1,5586,0.0,0.2307692307692307,0.4230769230769231,0.5247292620296974,1098.0077824713196,229,229,229,181
GAB,GA,2060.0,20378.0,20378.0,epo,12172.0,11.86645,1.59967,3,,,2015.0,,,50,3,50,8,50,22,1,5591,0.06,0.16,0.44,0.5262490566037735,31001.737944777535,230,230,230,182
GAB,GA,2060.0,20378.0,20378.0,epp a.m.,12173.0,11.57013,1.59049,3,,,2015.0,,,50,1,50,12,50,20,1,5590,0.02,0.24,0.4,0.521811320754717,2368.9027752465868,231,231,231,183
GAB,GA,2060.0,20374.0,20374.0,epp awoua,12108.0,11.66107,1.87748,3,,,2015.0,,,17,0,17,7,17,15,1,5573,0.0,0.4117647058823529,0.8823529411764706,0.8781092903310045,4268.9825763598965,232,232,232,184
GAB,GA,2060.0,20376.0,20376.0,epp eboname,11957.0,12.0608,2.16718,3,,,2015.0,,,44,0,44,18,44,29,1,5583,0.0,0.4090909090909091,0.6590909090909091,0.7533525651021361,2643.6108990665407,233,233,233,185
GAB,GA,2060.0,20377.0,20377.0,epp mitzic centre,12143.0,11.5503832,0.782292,1,,,2015.0,,,50,0,50,6,50,17,1,5589,0.0,0.12,0.34,0.3954716981132075,0.0,234,234,228,180
GAB,GA,2060.0,20374.0,20374.0,epr  konoville,12109.0,11.64474,1.8428,3,,,2015.0,,,25,0,25,16,25,19,1,5574,0.0,0.64,0.76,0.8618867924528301,4268.9825763598965,235,235,235,186
GAB,GA,2060.0,20374.0,20374.0,epr akam,12110.0,11.58912,1.93242,3,,,2015.0,,,14,1,14,5,14,11,1,5571,0.0714285714285714,0.3571428571428571,0.7857142857142857,0.8227212717971284,10079.514474438582,236,236,236,187
GAB,GA,2060.0,20377.0,20377.0,epr doumandzou,12144.0,11.15754,0.95037,3,,,2015.0,,,20,0,20,11,20,15,1,5585,0.0,0.55,0.75,0.8372641509433961,41278.27728679129,237,237,237,188
GAB,GA,2052.0,20329.0,20329.0,kafele,11973.0,10.13042,0.14945,3,,,2014.0,,,31,0,33,2,33,6,1,5341,0.0,0.0606060606060606,0.1818181818181818,0.2183065647902697,5580.43169364093,238,238,238,189
GAB,GA,2055.0,20349.0,20349.0,lebamba 1,12044.0,11.4765097,-2.2106008,1,,,2015.0,,,49,3,49,13,49,17,1,5462,0.0612244897959183,0.2653061224489796,0.3469387755102041,0.518467388684313,541.4226334497218,239,239,239,190
GAB,GA,2052.0,20328.0,20328.0,mbogo fala nyanam,12105.0,9.57939,0.94583,3,,,2014.0,,,35,0,38,3,38,17,1,5335,0.0,0.0789473684210526,0.4473684210526316,0.4632049338838655,6268.016611291796,240,240,240,191
GAB,GA,2052.0,20333.0,20333.0,melen 1,11969.0,9.51959,0.403445,4,,,2014.0,,,41,0,41,0,41,4,1,5358,0.0,0.0,0.0975609756097561,0.0920386562356189,3207.893170123294,241,241,241,192
GAB,GA,2057.0,20364.0,20364.0,notre dame des victoires de makokou,11963.0,12.857236,0.5633173,1,,,2015.0,,,75,0,75,9,75,14,1,5524,0.0,0.12,0.1866666666666666,0.2681761006289307,1248.5706358678383,242,242,242,193
GAB,GA,2052.0,20329.0,20329.0,oyane4,11974.0,10.3377,0.00825,3,,,2014.0,,,48,0,48,22,46,21,1,5339,0.0,0.4583333333333333,0.4565217391304347,0.6656754170084768,27919.33802405863,243,243,243,194
GAB,GA,2054.0,20347.0,20347.0,saint michel de missanga,11890.0,10.77013,-0.18002,3,,,2014.0,,,42,1,42,4,42,5,1,5454,0.0238095238095238,0.0952380952380952,0.119047619047619,0.2093634698563462,0.0,244,244,245,195
GAB,GA,2054.0,20347.0,20347.0,saint michel de missanga,11895.0,10.77013,-0.18002,3,,,2014.0,,,50,1,50,4,50,5,1,5453,0.02,0.08,0.1,0.1778867924528301,0.0,245,245,244,195
GAB,GA,2059.0,20373.0,20373.0,st louis,11905.0,8.78632,-0.7234600000000001,3,,,2015.0,,,50,0,50,0,50,5,1,5568,0.0,0.0,0.1,0.0943396226415094,0.0,246,246,247,196
GAB,GA,2059.0,20373.0,20373.0,st louis,11910.0,8.78632,-0.7234600000000001,3,,,2014.0,,,50,0,50,0,50,5,1,5567,0.0,0.0,0.1,0.0943396226415094,0.0,247,247,246,196
