iso3,iso2,admin1_id,admin2_id,iu_id,location,site_id,longitude,latitude,georeliability,location_type,survey_type,year,age_start,age_end,hk_examined,hk_positive,hk_perc_highinfection,hk_perc_moderateinfection,asc_examined,asc_positive,asc_perc_highinfection,asc_perc_moderateinfection,tt_examined,tt_positive,tt_perc_highinfection,tt_perc_moderateinfection,quality,sn,hk_prevalence,asc_prevalence,tt_prevalence,sth_prevalence,shortest,id,src,dst
MLI,ML,3119.0,30034.0,30034.0,agouni,55484.0,-2.9944999,17.0541,3,,,2004.0,,,69,0,,,69,0,,,69,0,,,2,9344,0.0,0.0,0.0,0.0,46161.478637132015,0,0,0
MLI,ML,3115.0,30002.0,30002.0,alasso,55445.0,-8.0240188,14.9229085,1,,,2004.0,,,65,0,,,65,0,,,65,0,,,2,9256,0.0,0.0,0.0,0.0,28477.326802407544,1,1,1
MLI,ML,3112.0,29979.0,29979.0,almoustarat,55314.0,0.0725377,17.3613875,1,,,2004.0,,,71,0,,,71,0,,,71,0,,,2,9155,0.0,0.0,0.0,0.0,24857.394784613123,2,2,2
MLI,ML,3112.0,29980.0,29980.0,arhabou,55360.0,0.0025,16.1696,3,,,2004.0,,,70,0,,,70,0,,,70,0,,,2,9156,0.0,0.0,0.0,0.0,21878.78016638522,3,3,3
MLI,ML,3119.0,30030.0,30030.0,arham,55346.0,-3.3778,16.378201,3,,,2004.0,,,70,0,,,70,0,,,70,0,,,2,9334,0.0,0.0,0.0,0.0,40515.41182958982,4,4,4
MLI,ML,3113.0,29982.0,29982.0,babaroto,55296.0,-10.8219,13.8079,3,,,2004.0,,,70,0,,,70,0,,,70,0,,,2,9162,0.0,0.0,0.0,0.0,1418.425350539327,5,5,5
MLI,ML,3111.0,29975.0,29975.0,baco dijcoroni,,-8.0107411,12.5953273,1,,,1993.0,6.0,11.0,580,30,,,580,0,,,580,0,,,3,30599,0.0517241379310344,0.0,0.0,0.0487963565387117,0.0,6,6,64
MLI,ML,3111.0,29976.0,29976.0,badala,55330.0,-7.9846681,12.625425,1,,,2004.0,,,78,0,,,78,0,,,78,0,,,2,9139,0.0,0.0,0.0,0.0,1447.3296789164558,7,7,7
MLI,ML,3113.0,29982.0,29982.0,bafoulabe,13336.0,-10.8345647,13.8092603,1,,,2014.0,,,122,0,,,122,0,,,122,0,,,1,9160,0.0,0.0,0.0,0.0,1418.425350539327,8,8,8
MLI,ML,3115.0,29999.0,29999.0,baguineda,55378.0,-7.7715529,12.6090319,1,,,2004.0,,,74,4,,,74,1,,,74,0,,,2,9232,0.054054054054054,0.0135135135135135,0.0,0.0630538748845735,10893.105720244355,9,9,9
MLI,ML,3113.0,29986.0,29986.0,balandougou,55404.0,-9.5519961,13.3559918,1,,,2004.0,,,69,2,,,69,0,,,69,0,,,2,9195,0.0289855072463768,0.0,0.0,0.0273448181569592,10191.95860014036,10,10,10
MLI,ML,3111.0,29973.0,29973.0,bamako,,-7.987999999999999,12.657,3,,,1980.0,1.0,65.0,548,274,,,548,0,,,548,0,,,3,30597,0.5,0.0,0.0,0.4716981132075471,640.9956751918736,11,11,11
MLI,ML,3112.0,29979.0,29979.0,bamba ii,55315.0,-1.4036179,17.0358391,1,,,2004.0,,,70,0,,,70,0,,,70,0,,,2,9150,0.0,0.0,0.0,0.0,57406.03553477396,12,12,12
MLI,ML,3113.0,29986.0,29986.0,bamgassikoto,55405.0,-9.2608004,13.3824,3,,,2004.0,,,70,1,,,70,0,,,70,0,,,2,9196,0.0142857142857142,0.0,0.0,0.013477088948787,19479.324387217013,13,13,13
MLI,ML,3115.0,29994.0,29994.0,banamba,13337.0,-7.4435441,13.5543249,1,,,2016.0,,,126,0,,,126,0,,,126,0,,,1,9219,0.0,0.0,0.0,0.0,27340.758268219975,14,14,14
MLI,ML,3115.0,29998.0,29998.0,banankoro,55376.0,-7.933333,12.466667,1,,,2004.0,,,68,16,,,68,0,,,68,0,,,2,9229,0.2352941176470588,0.0,0.0,0.2219755826859045,6461.331577601633,15,15,15
MLI,ML,3115.0,30000.0,30000.0,banankoro1,55421.0,-7.7367001,13.7365,3,,,2004.0,,,71,2,,,71,0,,,71,0,,,2,9247,0.028169014084507,0.0,0.0,0.0265745415891575,31278.18896112528,16,16,16
MLI,ML,3118.0,30021.0,30021.0,banasso,55369.0,-6.0317998,10.8811,3,,,2004.0,,,66,7,,,66,0,,,66,0,,,2,9312,0.106060606060606,0.0,0.0,0.1000571755288736,33025.83888130481,17,17,17
MLI,ML,3111.0,29972.0,29972.0,banconi,55320.0,-7.9660975,12.6730992,1,,,2004.0,,,65,3,,,65,1,,,65,2,,,2,9123,0.0461538461538461,0.0153846153846153,0.0307692307692307,0.0846471603644764,1317.4048992608195,18,18,18
MLI,ML,3116.0,30004.0,30004.0,bandiagara,13338.0,-3.609117,14.3489479,1,,,2014.0,,,132,0,,,132,0,,,132,0,,,1,9265,0.0,0.0,0.0,0.0,25317.965605658515,19,19,19
MLI,ML,3112.0,29978.0,29978.0,bara,55292.0,0.32609999,15.8175,3,,,2004.0,,,71,0,,,71,0,,,71,0,,,2,9149,0.0,0.0,0.0,0.0,28681.583410997824,20,20,20
MLI,ML,3113.0,29985.0,29985.0,batama,55397.0,-11.1766,13.0634,3,,,2004.0,,,62,1,,,62,0,,,62,0,,,2,9189,0.0161290322580645,0.0,0.0,0.0152160681679853,25776.71387172278,21,21,21
MLI,ML,3117.0,30017.0,30017.0,belenitieni,55466.0,-4.9166002,13.3792,3,,,2004.0,,,115,4,,,115,0,,,115,0,,,2,9299,0.0347826086956521,0.0,0.0,0.0328137817883511,9902.711068564531,22,22,22
MLI,ML,3112.0,29979.0,29979.0,bia,55316.0,-0.26480001,16.8368,3,,,2004.0,,,69,0,,,69,0,,,69,0,,,2,9153,0.0,0.0,0.0,0.0,16470.645383861258,23,23,23
MLI,ML,3113.0,29986.0,29986.0,biliko,55406.0,-9.8646203,12.8739673,1,,,2004.0,,,70,34,,,70,1,,,70,1,,,2,9199,0.4857142857142857,0.0142857142857142,0.0142857142857142,0.4719841575444193,17590.664726180188,24,24,24
MLI,ML,3116.0,30007.0,30007.0,boni,55351.0,-2.2199773,15.0756229,1,,,2004.0,,,61,1,,,61,0,,,61,0,,,2,9276,0.0163934426229508,0.0,0.0,0.0154655119084441,31791.767654523534,25,25,25
MLI,ML,3112.0,29979.0,29979.0,bormo,55317.0,-0.889,17.004101,3,,,2004.0,,,70,0,,,70,1,,,70,0,,,2,9154,0.0,0.0142857142857142,0.0,0.013477088948787,57406.03553477396,26,26,26
MLI,ML,3115.0,30002.0,30002.0,bouabougou,55446.0,-8.23,12.69,1,,,2004.0,,,61,0,,,61,0,,,61,0,,,2,9260,0.0,0.0,0.0,0.0,16611.293032894577,27,27,27
MLI,ML,3115.0,30000.0,30000.0,bouadiana,55422.0,-7.6734865,13.4704069,1,,,2004.0,,,70,0,,,70,0,,,70,0,,,2,9243,0.0,0.0,0.0,0.0,26773.972682579642,28,28,28
MLI,ML,3115.0,29999.0,29999.0,bougoula 1c,55379.0,-7.8002,12.3119,3,,,2004.0,,,69,2,,,69,0,,,69,0,,,2,9235,0.0289855072463768,0.0,0.0,0.0273448181569592,23038.847857764118,29,29,29
MLI,ML,3118.0,30026.0,30026.0,bougoulaba,55473.0,-5.6775999,11.3177,3,,,2004.0,,,61,7,,,61,0,,,61,1,,,2,9327,0.1147540983606557,0.0,0.0163934426229508,0.1219493643928138,2375.4912132410395,30,30,30
MLI,ML,3118.0,30020.0,30020.0,bougouni,13339.0,-7.4705935,11.4182881,1,,,2016.0,,,183,0,,,183,0,,,183,0,,,1,9308,0.0,0.0,0.0,0.0,73938.5010723074,31,31,31
MLI,ML,3115.0,30002.0,30002.0,boulal,55447.0,-8.4252996,15.079,3,,,2004.0,,,69,0,,,69,0,,,69,0,,,2,9257,0.0,0.0,0.0,0.0,33436.00405267907,32,32,32
MLI,ML,3113.0,29986.0,29986.0,boulouli,55407.0,-9.5510998,13.2669,3,,,2004.0,,,70,1,,,70,0,,,70,0,,,2,9194,0.0142857142857142,0.0,0.0,0.013477088948787,10191.95860014036,33,33,33
MLI,ML,3112.0,29979.0,29979.0,bourem iv,55318.0,-0.3442448999999999,16.9562322,1,,,2004.0,,,72,0,,,72,0,,,72,0,,,2,9151,0.0,0.0,0.0,0.0,16470.645383861258,34,34,34
MLI,ML,3113.0,29984.0,29984.0,boutinguisse,55388.0,-11.6461,15.1383,3,,,2004.0,,,32,1,,,32,0,,,32,0,,,2,9184,0.03125,0.0,0.0,0.0294811320754716,19963.214523557912,35,35,35
MLI,ML,3111.0,29973.0,29973.0,bozola,55323.0,-7.9885791,12.6375243,1,,,2004.0,,,74,0,,,74,0,,,74,1,,,2,9126,0.0,0.0,0.0135135135135135,0.012748597654258,1447.3296789164558,36,36,36
MLI,ML,3111.0,29972.0,29972.0,commune 1,13340.0,-7.956562,12.6662607,1,,,2014.0,,,122,0,,,122,0,,,122,0,,,1,9124,0.0,0.0,0.0,0.0,1317.4048992608195,37,37,37
MLI,ML,3111.0,29973.0,29973.0,commune 2,13341.0,-7.9749531,12.6564501,1,,,2014.0,,,120,0,,,120,0,,,120,0,,,1,9127,0.0,0.0,0.0,0.0,841.0471675500165,38,38,38
MLI,ML,3111.0,29974.0,29974.0,commune 3,13342.0,-8.0097045,12.6347543,1,,,2014.0,,,119,0,,,119,0,,,119,1,,,1,9130,0.0,0.0,0.0084033613445378,0.0079276993816394,914.5978849749064,39,39,39
MLI,ML,3111.0,29975.0,29975.0,commune 4,13343.0,-8.0274274,12.6299491,1,,,2014.0,,,119,0,,,119,0,,,119,0,,,1,9133,0.0,0.0,0.0,0.0,1830.7093871735437,40,40,40
MLI,ML,3111.0,29976.0,29976.0,commune 5,13344.0,-8.0013996,12.6075427,1,,,2014.0,,,119,0,,,119,0,,,119,0,,,1,9138,0.0,0.0,0.0,0.0,857.8886864924417,41,41,41
MLI,ML,3111.0,29977.0,29977.0,commune 6,13345.0,-7.964251,12.6012134,1,,,2014.0,,,120,0,,,120,0,,,120,0,,,1,9145,0.0,0.0,0.0,0.0,450.6488996358115,42,42,42
MLI,ML,3113.0,29984.0,29984.0,dakassenou,55389.0,-12.0155942,14.2911656,1,,,2004.0,,,69,0,,,69,0,,,69,0,,,2,9178,0.0,0.0,0.0,0.0,21616.484201626015,43,43,43
MLI,ML,3115.0,30002.0,30002.0,dalibougou,55448.0,-7.269000099999999,14.316,3,,,2004.0,,,66,4,,,66,0,,,66,3,,,2,9254,0.0606060606060606,0.0,0.0454545454545454,0.0974582878527989,53832.90459251842,44,44,44
MLI,ML,3111.0,29974.0,29974.0,darsalam,55325.0,-8.0042522,12.6520099,1,,,2004.0,,,66,0,,,66,0,,,66,0,,,2,9131,0.0,0.0,0.0,0.0,1465.7114689524756,45,45,45
MLI,ML,3116.0,30007.0,30007.0,debere,55352.0,-3.0112312,15.1057238,1,,,2004.0,,,70,1,,,70,0,,,70,0,,,2,9273,0.0142857142857142,0.0,0.0,0.013477088948787,25535.26126075214,46,46,46
MLI,ML,3113.0,29987.0,29987.0,diabaguela,55457.0,-9.0167999,15.0455,3,,,2004.0,,,67,0,,,67,0,,,67,0,,,2,9213,0.0,0.0,0.0,0.0,53191.690414838005,47,47,47
MLI,ML,3113.0,29984.0,29984.0,diakalel,55390.0,-11.4452717,14.4367876,1,,,2004.0,,,55,0,,,55,0,,,55,0,,,2,9182,0.0,0.0,0.0,0.0,0.0,48,48,106
MLI,ML,3113.0,29983.0,29983.0,dianguirde,55338.0,-9.0144988,14.4936841,1,,,2004.0,,,61,1,,,61,0,,,61,0,,,2,9173,0.0163934426229508,0.0,0.0,0.0154655119084441,19207.622005484413,49,49,49
MLI,ML,3113.0,29982.0,29982.0,diatawali,55297.0,-10.9518161,13.7195326,1,,,2004.0,,,59,1,,,59,0,,,59,0,,,2,9169,0.0169491525423728,0.0,0.0,0.0159897665494083,9885.796925497047,50,50,50
MLI,ML,3117.0,30013.0,30013.0,diebala,55311.0,-5.6185002,12.9917,3,,,2004.0,,,140,89,,,140,1,,,140,1,,,2,9295,0.6357142857142857,0.0071428571428571,0.0071428571428571,0.6046224352274602,36535.81320010084,51,51,51
MLI,ML,3113.0,29983.0,29983.0,diema,13346.0,-9.1926741,14.5390184,1,,,2014.0,,,119,0,,,119,0,,,119,0,,,1,9175,0.0,0.0,0.0,0.0,20508.004689948884,52,52,52
MLI,ML,3115.0,30002.0,30002.0,dilly 1c,55449.0,-7.6697323,14.9981492,1,,,2004.0,,,67,1,,,67,0,,,67,0,,,2,9255,0.0149253731343283,0.0,0.0,0.0140805406927626,12569.421691217565,53,53,53
MLI,ML,3113.0,29984.0,29984.0,dindimaye,55391.0,-11.5923,14.9731,3,,,2004.0,,,38,0,,,38,0,,,38,0,,,2,9177,0.0,0.0,0.0,0.0,19963.214523557912,54,54,54
MLI,ML,3115.0,29995.0,29995.0,dioila,55343.0,-6.797592,12.4957874,1,,,2004.0,,,67,2,,,67,0,,,67,0,,,2,9220,0.0298507462686567,0.0,0.0,0.0281610813855252,0.0,55,55,56
MLI,ML,3115.0,29995.0,29995.0,dioila,13347.0,-6.797592,12.4957874,1,,,2005.0,,,250,0,,,250,0,,,250,0,,,2,9222,0.0,0.0,0.0,0.0,0.0,56,56,55
MLI,ML,3116.0,30007.0,30007.0,diona,55353.0,-3.2368,15.3244,3,,,2004.0,,,69,0,,,69,0,,,69,0,,,2,9277,0.0,0.0,0.0,0.0,30565.68943131729,57,57,57
MLI,ML,3116.0,30010.0,30010.0,diondori,55479.0,-4.7740002,14.6113,3,,,2004.0,,,70,0,,,70,0,,,70,0,,,2,9290,0.0,0.0,0.0,0.0,12614.906230865543,58,58,58
MLI,ML,3115.0,29999.0,29999.0,diorila,55380.0,-8.0921268,12.107766,1,,,2004.0,,,66,2,,,66,0,,,66,0,,,2,9238,0.0303030303030303,0.0,0.0,0.028587764436821,24368.538733194855,59,59,59
MLI,ML,3116.0,30010.0,30010.0,dioura,55480.0,-5.2490795,14.8255736,1,,,2004.0,,,70,0,,,70,0,,,70,0,,,2,9291,0.0,0.0,0.0,0.0,58353.27415250323,60,60,60
MLI,ML,3112.0,29980.0,29980.0,djebock,55361.0,0.27950001,16.3442,3,,,2004.0,,,66,0,,,66,0,,,66,0,,,2,9157,0.0,0.0,0.0,0.0,33506.17560122858,61,61,61
MLI,ML,3113.0,29986.0,29986.0,djeguila,55408.0,-8.9299002,13.1091,3,,,2004.0,,,70,2,,,70,0,,,70,0,,,2,9197,0.0285714285714285,0.0,0.0,0.0269541778975741,36809.17176448891,62,62,62
MLI,ML,3116.0,30006.0,30006.0,djenne,13348.0,-4.5559954000000005,13.9053952,1,,,2014.0,,,121,0,,,121,0,,,121,0,,,1,9269,0.0,0.0,0.0,0.0,22131.67246552429,63,63,63
MLI,ML,3111.0,29975.0,29975.0,djicoroni,55328.0,-8.0107411,12.5953273,1,,,2004.0,,,70,0,,,70,0,,,70,0,,,2,9135,0.0,0.0,0.0,0.0,0.0,64,64,6
MLI,ML,3113.0,29982.0,29982.0,djimekourou,55298.0,-11.0138809,13.5057066,1,,,2004.0,,,70,3,,,70,0,,,70,0,,,2,9166,0.0428571428571428,0.0,0.0,0.0404312668463611,25446.868381229597,65,65,65
MLI,ML,3117.0,30013.0,30013.0,djina,55312.0,-5.9088122,13.140833,1,,,2004.0,,,140,2,,,140,0,,,140,0,,,2,9296,0.0142857142857142,0.0,0.0,0.013477088948787,10882.586005705287,66,66,66
MLI,ML,3116.0,30004.0,30004.0,dologou,55307.0,-3.4216001,14.4736,3,,,2004.0,,,65,0,,,65,0,,,65,0,,,2,9264,0.0,0.0,0.0,0.0,25317.965605658515,67,67,67
MLI,ML,3115.0,29999.0,29999.0,doucoura coro,55381.0,-7.8621998,12.645,3,,,2004.0,,,98,9,,,98,0,,,98,0,,,2,9241,0.0918367346938775,0.0,0.0,0.0866384289564882,6402.7746588243135,68,68,68
MLI,ML,3115.0,29999.0,29999.0,dougan,55382.0,-8.2640555,12.9548192,1,,,2004.0,,,70,2,,,70,0,,,70,0,,,2,9240,0.0285714285714285,0.0,0.0,0.0269541778975741,18953.319790437374,69,69,69
MLI,ML,3117.0,30018.0,30018.0,dougoukouna,55468.0,-6.3724999,13.3713,3,,,2004.0,,,108,13,,,108,0,,,108,3,,,2,9303,0.1203703703703703,0.0,0.0277777777777777,0.1366080441028029,8173.542532193817,70,70,70
MLI,ML,3111.0,29972.0,29972.0,doumazana,55321.0,-7.9436088,12.6788606,1,,,2004.0,,,74,0,,,74,0,,,74,0,,,2,9125,0.0,0.0,0.0,0.0,2036.1723240654621,71,71,71
MLI,ML,3117.0,30013.0,30013.0,douna,55313.0,-5.9257814,13.2345699,1,,,2004.0,,,135,1,,,135,0,,,135,0,,,2,9294,0.0074074074074074,0.0,0.0,0.0069881201956673,10882.586005705287,72,72,72
MLI,ML,3116.0,30007.0,30007.0,douna,55354.0,-1.7348196,15.1101002,1,,,2004.0,,,135,1,,,135,0,,,135,0,,,2,9275,0.0074074074074074,0.0,0.0,0.0069881201956673,25185.27534718861,73,73,73
MLI,ML,3119.0,30031.0,30031.0,echell,55364.0,-3.9405999,16.2705,3,,,2004.0,,,69,0,,,69,0,,,69,0,,,2,9337,0.0,0.0,0.0,0.0,37562.17013571993,74,74,74
MLI,ML,3115.0,29996.0,29996.0,falako,55359.0,-7.182274,12.5693164,1,,,2004.0,,,68,3,,,68,0,,,68,0,,,2,9225,0.0441176470588235,0.0,0.0,0.0416204217536071,36175.534098850054,75,75,75
MLI,ML,3115.0,29996.0,29996.0,fana,13349.0,-6.9477532,12.7887878,1,,,2015.0,,,193,0,,,193,0,,,193,0,,,1,9224,0.0,0.0,0.0,0.0,36175.534098850054,76,76,76
MLI,ML,3113.0,29985.0,29985.0,faraba,55398.0,-10.8980744,12.4328642,1,,,2004.0,,,64,4,,,64,0,,,64,1,,,2,9187,0.0625,0.0,0.015625,0.0727815448113207,36282.775310140176,77,77,77
MLI,ML,3118.0,30027.0,30027.0,farabacoura,55463.0,-8.2517996,11.6432,3,,,2004.0,,,61,0,,,61,0,,,61,0,,,2,9330,0.0,0.0,0.0,0.0,38644.05337093708,78,78,78
MLI,ML,3113.0,29982.0,29982.0,fore,55299.0,-10.7116547,13.1376158,1,,,2004.0,,,69,26,,,69,0,,,69,0,,,2,9170,0.3768115942028985,0.0,0.0,0.3554826360404703,4175.069542150299,79,79,79
MLI,ML,3113.0,29987.0,29987.0,fosse kaarta,55458.0,-9.7014999,15.2432,3,,,2004.0,,,66,0,,,66,0,,,66,0,,,2,9215,0.0,0.0,0.0,0.0,12391.464073164463,80,80,80
MLI,ML,3113.0,29986.0,29986.0,founticouroula,55409.0,-9.3917999,13.1957,3,,,2004.0,,,61,5,,,61,0,,,61,0,,,2,9207,0.081967213114754,0.0,0.0,0.0773275595422208,19513.05727673176,81,81,81
MLI,ML,3116.0,30007.0,30007.0,gallou,55355.0,-1.5721,15.2618,3,,,2004.0,,,66,0,,,66,0,,,66,0,,,2,9280,0.0,0.0,0.0,0.0,25185.27534718861,82,82,82
MLI,ML,3112.0,29978.0,29978.0,golea,55293.0,0.46000001,15.6056,3,,,2004.0,,,71,0,,,71,0,,,71,0,,,2,9147,0.0,0.0,0.0,0.0,28681.583410997824,83,83,83
MLI,ML,3119.0,30032.0,30032.0,gossi,55366.0,-1.3011431,15.822218,1,,,2004.0,,,68,0,,,68,0,,,68,0,,,2,9338,0.0,0.0,0.0,0.0,71433.94449897416,84,84,84
MLI,ML,3113.0,29984.0,29984.0,gouele,55392.0,-11.8529854,14.3939982,1,,,2004.0,,,70,0,,,70,0,,,70,0,,,2,9181,0.0,0.0,0.0,0.0,21616.484201626015,85,85,85
MLI,ML,3119.0,30032.0,30032.0,gourma rharous,55367.0,-1.9209164,16.8782186,1,,,2004.0,,,68,0,,,68,0,,,68,0,,,2,9339,0.0,0.0,0.0,0.0,60436.51540634308,86,86,86
MLI,ML,3113.0,29985.0,29985.0,guenegore,55399.0,-11.0188593,12.7283228,1,,,2004.0,,,60,0,,,60,0,,,60,0,,,2,9191,0.0,0.0,0.0,0.0,27544.82960976253,87,87,87
MLI,ML,3113.0,29986.0,29986.0,guetala,55410.0,-9.5517783,13.9925225,1,,,2004.0,,,70,0,,,70,0,,,70,0,,,2,9206,0.0,0.0,0.0,0.0,34917.76167882682,88,88,88
MLI,ML,3116.0,30004.0,30004.0,guinedia,55308.0,-3.1513,14.654,3,,,2004.0,,,71,0,,,71,0,,,71,0,,,2,9266,0.0,0.0,0.0,0.0,24169.355516443888,89,89,89
MLI,ML,3116.0,30008.0,30008.0,guiri,55427.0,-2.1888355,14.3230877,1,,,2004.0,,,70,0,,,70,0,,,70,0,,,2,9285,0.0,0.0,0.0,0.0,65741.57338483265,90,90,90
MLI,ML,3112.0,29980.0,29980.0,hamakouladji,55362.0,-0.1145,16.6143,3,,,2004.0,,,70,0,,,70,0,,,70,0,,,2,9159,0.0,0.0,0.0,0.0,30802.902701776286,91,91,91
MLI,ML,3111.0,29975.0,29975.0,hamdallaye,55329.0,-8.0315179,12.6454919,1,,,2004.0,,,74,2,,,74,0,,,74,1,,,2,9134,0.027027027027027,0.0,0.0135135135135135,0.0379012362694157,1830.7093871735437,92,92,92
MLI,ML,3119.0,30032.0,30032.0,hamzakoma,55368.0,-2.4438,16.7225,3,,,2004.0,,,68,0,,,68,0,,,68,0,,,2,9340,0.0,0.0,0.0,0.0,60958.57730866405,93,93,93
MLI,ML,3119.0,30031.0,30031.0,hangabera,55365.0,-3.7291999,16.593201,3,,,2004.0,,,69,0,,,69,0,,,69,0,,,2,9336,0.0,0.0,0.0,0.0,44232.344246242756,94,94,94
MLI,ML,3116.0,30004.0,30004.0,iriguili,55309.0,-3.6127999,14.6517,3,,,2004.0,,,69,0,,,69,0,,,69,1,,,2,9267,0.0,0.0,0.0144927536231884,0.0136724090784796,29540.110794300843,95,95,95
MLI,ML,3116.0,30007.0,30007.0,isseye,55356.0,-2.0265999,14.8726,3,,,2004.0,,,51,1,,,51,0,,,51,0,,,2,9279,0.0196078431372549,0.0,0.0,0.0184979652238253,31791.767654523534,96,96,96
MLI,ML,3118.0,30021.0,30021.0,kadiolo,13350.0,-5.7563151,10.550504,1,,,2015.0,,,166,0,,,166,0,,,166,0,,,1,9314,0.0,0.0,0.0,0.0,12516.704715601363,97,97,97
MLI,ML,3118.0,30021.0,30021.0,kai,55370.0,-5.6893555,10.9701558,1,,,2004.0,,,70,13,,,70,0,,,70,0,,,2,9310,0.1857142857142857,0.0,0.0,0.1752021563342318,6990.684305871573,98,98,98
MLI,ML,3111.0,29976.0,29976.0,kalaban,55331.0,-7.9838097,12.5913864,1,,,2004.0,,,97,2,,,97,0,,,97,0,,,2,9137,0.0206185567010309,0.0,0.0,0.0194514685858782,1914.8889283942306,99,99,99
MLI,ML,3115.0,29997.0,29997.0,kalabancoro,13351.0,-8.0301544,12.5757646,1,,,2015.0,,,119,0,,,119,0,,,119,0,,,1,9227,0.0,0.0,0.0,0.0,3106.295309341935,100,100,100
MLI,ML,3118.0,30028.0,30028.0,kalana b,55486.0,-8.193961,10.7873458,1,,,2004.0,,,70,1,,,70,0,,,70,0,,,2,9331,0.0142857142857142,0.0,0.0,0.013477088948787,44534.73259541428,101,101,101
MLI,ML,3113.0,29982.0,29982.0,kale pc,55300.0,-10.6564,13.7188,3,,,2004.0,,,80,5,,,80,0,,,80,0,,,2,9163,0.0625,0.0,0.0,0.0589622641509433,21064.217686611035,102,102,102
MLI,ML,3115.0,30002.0,30002.0,kaloumba,55450.0,-7.4964588,14.8599232,1,,,2004.0,,,67,0,,,67,0,,,67,2,,,2,9252,0.0,0.0,0.0298507462686567,0.0281610813855252,25013.063508193933,103,103,103
MLI,ML,3113.0,29983.0,29983.0,kandiare,55340.0,-9.4324999,14.6334,3,,,2004.0,,,64,0,,,64,0,,,64,0,,,2,9172,0.0,0.0,0.0,0.0,28280.504651541843,104,104,104
MLI,ML,3115.0,29998.0,29998.0,kangaba,13352.0,-8.4156809,11.9427677,1,,,2015.0,,,126,0,,,126,0,,,126,0,,,1,9230,0.0,0.0,0.0,0.0,30507.246113920584,105,105,105
MLI,ML,3113.0,29984.0,29984.0,kayes,13353.0,-11.4452717,14.4367876,1,,,2014.0,,,123,0,,,123,0,,,123,0,,,1,9179,0.0,0.0,0.0,0.0,0.0,106,106,48
MLI,ML,3118.0,30021.0,30021.0,kebeni,55371.0,-6.1210692,10.2572187,1,,,2004.0,,,67,53,,,67,0,,,67,0,,,2,9313,0.7910447761194029,0.0,0.0,0.7462686567164177,40187.553563536785,107,107,107
MLI,ML,3113.0,29985.0,29985.0,kenieba,13354.0,-11.2353772,12.8451283,1,,,2016.0,,,121,0,,,121,0,,,121,0,,,1,9188,0.0,0.0,0.0,0.0,25776.71387172278,108,108,108
MLI,ML,3113.0,29982.0,29982.0,kenieba bafing,55301.0,-10.5717,13.299,3,,,2004.0,,,68,10,,,68,0,,,68,0,,,2,9164,0.1470588235294117,0.0,0.0,0.1387347391786903,20117.200165259128,109,109,109
MLI,ML,3115.0,29998.0,29998.0,keniegoue,55377.0,-8.6224279,11.7667163,1,,,2004.0,,,70,34,,,70,1,,,70,0,,,2,9231,0.4857142857142857,0.0142857142857142,0.0,0.4651520985752791,30507.246113920584,110,110,110
MLI,ML,3113.0,29985.0,29985.0,keniekenieba,55400.0,-11.8649365,13.3739337,1,,,2004.0,,,59,0,,,59,0,,,59,0,,,2,9190,0.0,0.0,0.0,0.0,53167.91972012101,111,111,111
MLI,ML,3115.0,29999.0,29999.0,kobala,55383.0,-8.0558333,14.6775,1,,,2004.0,,,1,1,,,1,0,,,1,0,,,2,9237,1.0,0.0,0.0,0.9433962264150942,9557.50473173668,112,112,112
MLI,ML,3115.0,29999.0,29999.0,kokoun,55384.0,-6.467147,11.884201,1,,,2004.0,,,97,0,,,97,0,,,97,0,,,2,9234,0.0,0.0,0.0,0.0,27755.136238293406,113,113,113
MLI,ML,3118.0,30026.0,30026.0,kokouna,55474.0,-5.5661026,12.3451287,1,,,2004.0,,,72,4,,,72,0,,,72,0,,,2,9324,0.0555555555555555,0.0,0.0,0.0524109014675052,18991.120460611757,114,114,114
MLI,ML,3117.0,30014.0,30014.0,kokrybozoi,55440.0,-5.4851999,13.9703,3,,,2004.0,,,99,0,,,99,0,,,99,0,,,2,9298,0.0,0.0,0.0,0.0,13970.60225231643,115,115,115
MLI,ML,3115.0,29999.0,29999.0,kolena,55385.0,-8.9077055,12.3872699,1,,,2004.0,,,68,0,,,68,0,,,68,0,,,2,9239,0.0,0.0,0.0,0.0,64693.18435684605,116,116,116
MLI,ML,3115.0,30000.0,30000.0,kolokani e,55423.0,-8.0328815,13.5733993,1,,,2004.0,,,60,0,,,60,0,,,60,0,,,2,9246,0.0,0.0,0.0,0.0,37896.9429097446,117,117,117
MLI,ML,3118.0,30023.0,30023.0,kolondieba,13355.0,-6.8914024,11.0915371,1,,,2016.0,,,183,3,,,183,0,,,183,0,,,1,9316,0.0163934426229508,0.0,0.0,0.0154655119084441,71409.4082231112,118,118,118
MLI,ML,3118.0,30024.0,30024.0,kolonina,55435.0,-5.9421,12.3538,3,,,2004.0,,,69,34,,,69,4,,,69,1,,,2,9317,0.4927536231884058,0.0579710144927536,0.0144927536231884,0.4991362632895328,29764.592673226798,119,119,119
MLI,ML,3115.0,29999.0,29999.0,komi komi,55386.0,-8.3269997,12.8006,3,,,2004.0,,,68,1,,,68,0,,,68,0,,,2,9233,0.0147058823529411,0.0,0.0,0.013873473917869,16611.293032894577,120,120,120
MLI,ML,3118.0,30029.0,30029.0,kona,55488.0,-6.1765638,12.479319,1,,,2004.0,,,66,30,,,66,0,,,66,0,,,2,9333,0.4545454545454545,0.0,0.0,0.4288164665523155,29764.592673226798,121,121,121
MLI,ML,3116.0,30008.0,30008.0,koporo pen,55428.0,-3.3038001,14.231,3,,,2004.0,,,70,1,,,70,0,,,70,0,,,2,9282,0.0142857142857142,0.0,0.0,0.013477088948787,30806.524057349663,122,122,122
MLI,ML,3116.0,30009.0,30009.0,korientze,55441.0,-3.781919,15.3972927,1,,,2004.0,,,68,0,,,68,0,,,68,0,,,2,9288,0.0,0.0,0.0,0.0,25112.10291423437,123,123,123
MLI,ML,3115.0,30002.0,30002.0,koron,55451.0,-7.989299799999999,14.625,3,,,2004.0,,,69,1,,,69,0,,,69,0,,,2,9258,0.0144927536231884,0.0,0.0,0.0136724090784796,9557.50473173668,124,124,124
MLI,ML,3113.0,29986.0,29986.0,kotouba,55411.0,-8.7247663,13.476433,1,,,2004.0,,,70,2,,,70,0,,,70,0,,,2,9209,0.0285714285714285,0.0,0.0,0.0269541778975741,41246.0246280309,125,125,125
MLI,ML,3116.0,30006.0,30006.0,kouakourou,55348.0,-4.4915652,14.2222772,1,,,2004.0,,,68,1,,,68,0,,,68,0,,,2,9271,0.0147058823529411,0.0,0.0,0.013873473917869,30565.160046849727,126,126,126
MLI,ML,3116.0,30010.0,30010.0,koubi,55481.0,-4.8669435,14.3946258,1,,,2004.0,,,70,0,,,70,0,,,70,0,,,2,9293,0.0,0.0,0.0,0.0,26976.913699875768,127,127,127
MLI,ML,3115.0,30001.0,30001.0,koulikoro,13356.0,-7.5599321,12.8662046,1,,,2016.0,,,125,0,,,125,0,,,125,0,,,1,9250,0.0,0.0,0.0,0.0,32048.64706260182,128,128,128
MLI,ML,3119.0,30033.0,30033.0,koumaira,55454.0,-3.8641574,15.7838642,1,,,2004.0,,,70,0,,,70,0,,,70,1,,,2,9341,0.0,0.0,0.0142857142857142,0.013477088948787,45605.1468317365,129,129,129
MLI,ML,3113.0,29986.0,29986.0,koumakire,55412.0,-9.9952002,12.7872,3,,,2004.0,,,68,27,,,68,0,,,68,0,,,2,9204,0.3970588235294117,0.0,0.0,0.3745837957824638,17590.664726180188,130,130,130
MLI,ML,3113.0,29982.0,29982.0,koundia,55302.0,-10.6814,13.1592,3,,,2004.0,,,63,36,,,63,1,,,63,0,,,2,9161,0.5714285714285714,0.0158730158730158,0.0,0.5455012193556666,4175.069542150299,131,131,131
MLI,ML,3113.0,29987.0,29987.0,kouroukere,55459.0,-9.4973001,15.4227,3,,,2004.0,,,68,0,,,68,0,,,68,2,,,2,9214,0.0,0.0,0.0294117647058823,0.027746947835738,24306.012818764993,132,132,132
MLI,ML,3113.0,29984.0,29984.0,koussane,55393.0,-11.2339605,14.8849445,1,,,2004.0,,,62,1,,,62,0,,,62,0,,,2,9185,0.0161290322580645,0.0,0.0,0.0152160681679853,41162.78651269519,133,133,133
MLI,ML,3113.0,29989.0,29989.0,kremis,55487.0,-10.3501,15.3541,3,,,2004.0,,,29,0,,,29,0,,,29,0,,,2,9216,0.0,0.0,0.0,0.0,36595.27920279311,134,134,134
MLI,ML,3119.0,30033.0,30033.0,lere a,55455.0,-4.9013473,15.7184406,1,,,2004.0,,,70,0,,,70,0,,,70,0,,,2,9342,0.0,0.0,0.0,0.0,48019.08051331642,135,135,135
MLI,ML,3113.0,29986.0,29986.0,limakole,55413.0,-9.5223125,12.3494797,1,,,2004.0,,,70,14,,,70,0,,,70,0,,,2,9203,0.2,0.0,0.0,0.1886792452830188,27798.34834184891,136,136,136
MLI,ML,3117.0,30014.0,30014.0,macina,13357.0,-5.3599355,13.96284,1,,,2014.0,,,119,0,,,119,0,,,119,0,,,1,9297,0.0,0.0,0.0,0.0,13970.60225231643,137,137,137
MLI,ML,3113.0,29987.0,29987.0,makana ii,55460.0,-9.6622412,14.7382979,1,,,2004.0,,,54,0,,,54,0,,,54,0,,,2,9210,0.0,0.0,0.0,0.0,28280.504651541843,138,138,138
MLI,ML,3116.0,30007.0,30007.0,manko,55357.0,-3.4442999,15.1509,3,,,2004.0,,,66,0,,,66,0,,,66,0,,,2,9278,0.0,0.0,0.0,0.0,30565.68943131729,139,139,139
MLI,ML,3113.0,29986.0,29986.0,mansala,55414.0,-10.3122676,13.5442161,1,,,2004.0,,,69,14,,,69,0,,,69,0,,,2,9200,0.2028985507246377,0.0,0.0,0.1914137270987148,40269.414444639006,140,140,140
MLI,ML,3115.0,29995.0,29995.0,mansara,55344.0,-6.8316998,11.8507,3,,,2004.0,,,70,4,,,70,0,,,70,1,,,2,9221,0.0571428571428571,0.0,0.0142857142857142,0.0666153253754331,39328.289168700474,141,141,141
MLI,ML,3111.0,29977.0,29977.0,missabougou,55334.0,-7.9184327,12.6332066,1,,,2004.0,,,87,3,,,87,0,,,87,1,,,2,9142,0.0344827586206896,0.0,0.0114942528735632,0.0430006207046119,5677.788039092874,142,142,142
MLI,ML,3111.0,29973.0,29973.0,missira,55324.0,-7.9824471,12.6555133,1,,,2004.0,,,153,4,,,153,0,,,153,1,,,2,9128,0.0261437908496732,0.0,0.0065359477124183,0.0306687397283902,640.9956751918736,143,143,143
MLI,ML,3115.0,30000.0,30000.0,missira,55424.0,-8.4437853,13.7111917,1,,,2004.0,,,153,4,,,153,0,,,153,1,,,2,9244,0.0261437908496732,0.0,0.0065359477124183,0.0306687397283902,41246.0246280309,144,144,144
MLI,ML,3113.0,29985.0,29985.0,monea,55401.0,-11.4511,13.6058,3,,,2004.0,,,63,2,,,63,0,,,63,0,,,2,9193,0.0317460317460317,0.0,0.0,0.0299490865528601,50002.36231379891,145,145,145
MLI,ML,3113.0,29986.0,29986.0,moro moro,55415.0,-9.0861392,13.3927631,1,,,2004.0,,,70,0,,,70,0,,,70,0,,,2,9201,0.0,0.0,0.0,0.0,19479.324387217013,146,146,146
MLI,ML,3116.0,30006.0,30006.0,mougna,55349.0,-4.8183684,13.8815825,1,,,2004.0,,,61,0,,,61,0,,,61,0,,,2,9270,0.0,0.0,0.0,0.0,27283.844523835167,147,147,147
MLI,ML,3113.0,29984.0,29984.0,mouline,55394.0,-10.949619,14.5265158,1,,,2004.0,,,64,0,,,64,0,,,64,0,,,2,9180,0.0,0.0,0.0,0.0,13878.870286916055,148,148,148
MLI,ML,3113.0,29984.0,29984.0,moussala,55395.0,-10.9107601,14.4118077,1,,,2004.0,,,69,0,,,69,0,,,69,0,,,2,9183,0.0,0.0,0.0,0.0,13878.870286916055,149,149,149
MLI,ML,3117.0,30018.0,30018.0,mpeba,55469.0,-6.1914001,13.4948,3,,,2004.0,,,86,2,,,86,0,,,86,1,,,2,9304,0.0232558139534883,0.0,0.0116279069767441,0.0326540608385971,4662.429728388105,150,150,150
MLI,ML,3118.0,30024.0,30024.0,nankorola,55436.0,-5.7477999,12.6636,3,,,2004.0,,,68,22,,,68,0,,,68,0,,,2,9320,0.3235294117647059,0.0,0.0,0.3052164261931187,22575.473159059533,151,151,151
MLI,ML,3115.0,30002.0,30002.0,nara,13358.0,-7.6114217,15.0915263,1,,,2015.0,,,122,0,,,122,0,,,122,0,,,1,9253,0.0,0.0,0.0,0.0,0.0,152,152,153
MLI,ML,3115.0,30002.0,30002.0,nara 1erc,55452.0,-7.6114217,15.0915263,1,,,2004.0,,,69,0,,,69,0,,,69,0,,,2,9259,0.0,0.0,0.0,0.0,0.0,153,153,152
MLI,ML,3118.0,30026.0,30026.0,nebadougou,55475.0,-5.3713002,11.4361,3,,,2004.0,,,71,18,,,71,0,,,71,1,,,2,9326,0.2535211267605634,0.0,0.0140845070422535,0.2490895412335827,36651.95759010122,154,154,154
MLI,ML,3117.0,30018.0,30018.0,nerekoro,55470.0,-6.1532001,13.5115,3,,,2004.0,,,98,1,,,98,0,,,98,0,,,2,9302,0.010204081632653,0.0,0.0,0.0096264921062764,4662.429728388105,155,155,155
MLI,ML,3116.0,30006.0,30006.0,ngola,55350.0,-4.632,13.727,3,,,2004.0,,,62,0,,,62,0,,,62,0,,,2,9272,0.0,0.0,0.0,0.0,22131.67246552429,156,156,156
MLI,ML,3115.0,29997.0,29997.0,ngolobougou,55374.0,-6.7158059,12.1771318,1,,,2004.0,,,63,15,,,63,0,,,63,0,,,2,9226,0.238095238095238,0.0,0.0,0.224618149146451,32966.23703292342,157,157,157
MLI,ML,3118.0,30021.0,30021.0,ngolona,55372.0,-5.8294031,10.4664925,1,,,2004.0,,,66,17,,,66,0,,,66,0,,,2,9311,0.2575757575757575,0.0,0.0,0.2429959977129788,12516.704715601363,158,158,158
MLI,ML,3116.0,30007.0,30007.0,ngono,55358.0,-2.7864001,15.0618,3,,,2004.0,,,69,0,,,69,0,,,69,0,,,2,9274,0.0,0.0,0.0,0.0,25535.26126075214,159,159,159
MLI,ML,3111.0,29977.0,29977.0,niamakoro,55335.0,-7.9620107,12.5863409,1,,,2004.0,,,90,2,,,90,0,,,90,1,,,2,9144,0.0222222222222222,0.0,0.0111111111111111,0.0312136035406475,1714.6473921967236,160,160,160
MLI,ML,3115.0,29994.0,29994.0,niare,55306.0,-7.3183999,13.8494,3,,,2004.0,,,66,0,,,66,0,,,66,0,,,2,9218,0.0,0.0,0.0,0.0,36567.4317344594,161,161,161
MLI,ML,3118.0,30025.0,30025.0,niena,13359.0,-6.3491975,11.4277395,1,,,2015.0,,,59,0,,,59,0,,,59,0,,,1,9322,0.0,0.0,0.0,0.0,19981.58278624438,162,162,162
MLI,ML,3118.0,30024.0,30024.0,niguila,55437.0,-5.6489,12.4908,3,,,2004.0,,,66,19,,,66,0,,,66,0,,,2,9318,0.2878787878787879,0.0,0.0,0.2715837621497999,18991.120460611757,163,163,163
MLI,ML,3111.0,29974.0,29974.0,niomihiranbougou,55326.0,-8.0028892,12.6392316,1,,,2004.0,,,86,0,,,86,0,,,86,0,,,2,9129,0.0,0.0,0.0,0.0,914.5978849749064,164,164,164
MLI,ML,3113.0,29987.0,29987.0,nioro,13360.0,-9.5907514,15.2323839,1,,,2016.0,,,126,0,,,126,0,,,126,0,,,1,9211,0.0,0.0,0.0,0.0,12391.464073164463,165,165,165
MLI,ML,3115.0,30000.0,30000.0,nonkon 1c,55425.0,-7.8660998,13.2295,3,,,2004.0,,,69,0,,,69,0,,,69,0,,,2,9245,0.0,0.0,0.0,0.0,34920.35893796771,166,166,166
MLI,ML,3118.0,30026.0,30026.0,ouahibera,55476.0,-5.6647691,11.0712452,1,,,2004.0,,,71,33,,,71,0,,,71,0,,,2,9323,0.4647887323943662,0.0,0.0,0.4384799362211001,11786.818741509798,167,167,167
MLI,ML,3115.0,30002.0,30002.0,ouainka,55453.0,-8.6188002,15.3007,3,,,2004.0,,,70,0,,,70,0,,,70,0,,,2,9261,0.0,0.0,0.0,0.0,33436.00405267907,168,168,168
MLI,ML,3115.0,30003.0,30003.0,ouelessebougou,13361.0,-7.9102647,11.9886052,1,,,2015.0,,,116,0,,,116,0,,,116,0,,,1,9263,0.0,0.0,0.0,0.0,24368.538733194855,169,169,169
MLI,ML,3116.0,30009.0,30009.0,oumere,55442.0,-4.483689,15.6145806,1,,,2004.0,,,67,0,,,67,0,,,67,0,,,2,9286,0.0,0.0,0.0,0.0,31847.146110907484,170,170,170
MLI,ML,3113.0,29988.0,29988.0,oussoubidiagna,13362.0,-10.4635418,14.251575,1,,,2016.0,,,185,0,,,185,0,,,185,0,,,1,19618,0.0,0.0,0.0,0.0,39961.49681694923,171,171,171
MLI,ML,3111.0,29976.0,29976.0,sabalibougou,55332.0,-8.0001633,12.5965928,1,,,2004.0,,,90,0,,,90,0,,,90,0,,,2,9136,0.0,0.0,0.0,0.0,1186.3300276751338,172,172,172
MLI,ML,3117.0,30017.0,30017.0,san,13363.0,-4.8987523,13.2944016,1,,,2014.0,,,119,2,,,119,0,,,119,0,,,1,9300,0.0168067226890756,0.0,0.0,0.0158553987632788,6953.153702640224,173,173,173
MLI,ML,3118.0,30024.0,30024.0,sanguela,55438.0,-5.2867298,12.0025109,1,,,2004.0,,,66,3,,,66,0,,,66,0,,,2,9319,0.0454545454545454,0.0,0.0,0.0428816466552315,49757.38025222693,174,174,174
MLI,ML,3113.0,29982.0,29982.0,saorane,55303.0,-10.8189,14.3215,3,,,2004.0,,,69,0,,,69,0,,,69,0,,,2,9167,0.0,0.0,0.0,0.0,14569.168451142947,175,175,175
MLI,ML,3116.0,30009.0,30009.0,sare mala,55443.0,-4.2349,14.3168,3,,,2004.0,,,64,0,,,64,0,,,64,0,,,2,9287,0.0,0.0,0.0,0.0,30565.160046849727,176,176,176
MLI,ML,3117.0,30018.0,30018.0,sebougou,55471.0,-6.2482149,13.4316597,2,,,2004.0,,,91,2,,,91,0,,,91,0,,,2,9306,0.0219780219780219,0.0,0.0,0.0207339829981339,0.0,177,177,179
MLI,ML,3113.0,29986.0,29986.0,sefeto,55416.0,-9.8264435,14.1394692,1,,,2004.0,,,70,0,,,70,0,,,70,0,,,2,9202,0.0,0.0,0.0,0.0,34917.76167882682,178,178,178
MLI,ML,3117.0,30018.0,30018.0,segou,13364.0,-6.2482149,13.4316597,1,,,2014.0,,,120,0,,,120,0,,,120,0,,,1,9305,0.0,0.0,0.0,0.0,0.0,179,179,177
MLI,ML,3113.0,29986.0,29986.0,segouna,55417.0,-9.7448681,12.4600941,1,,,2004.0,,,64,4,,,64,0,,,64,0,,,2,9205,0.0625,0.0,0.0,0.0589622641509433,27798.34834184891,180,180,180
MLI,ML,3118.0,30022.0,30022.0,segueneni,55403.0,-6.001562,11.7629036,1,,,2004.0,,,60,0,,,60,0,,,60,1,,,2,9315,0.0,0.0,0.0166666666666666,0.0157232704402515,50718.51864354685,181,181,181
MLI,ML,3115.0,30003.0,30003.0,seliban,55462.0,-7.6540999,12.0433,3,,,2004.0,,,67,1,,,67,0,,,67,1,,,2,9262,0.0149253731343283,0.0,0.0149253731343283,0.0279509240617526,29187.67633271336,182,182,182
MLI,ML,3113.0,29982.0,29982.0,selinkegny,55304.0,-10.7841335,14.0949746,1,,,2004.0,,,52,0,,,52,0,,,52,0,,,2,9168,0.0,0.0,0.0,0.0,26298.760946883413,183,183,183
MLI,ML,3113.0,29986.0,29986.0,semko,55418.0,-9.3559999,12.813,3,,,2004.0,,,69,17,,,69,0,,,69,0,,,2,9208,0.2463768115942029,0.0,0.0,0.2324309543341536,43904.67695175233,184,184,184
MLI,ML,3116.0,30009.0,30009.0,sendegue,55444.0,-3.9502001,15.2524,3,,,2004.0,,,60,1,,,60,0,,,60,0,,,2,9289,0.0166666666666666,0.0,0.0,0.0157232704402515,25112.10291423437,185,185,185
MLI,ML,3111.0,29977.0,29977.0,senou,55336.0,-7.9211555,12.5220743,1,,,2004.0,,,1,1,,,1,0,,,1,0,,,2,9141,1.0,0.0,0.0,0.9433962264150942,6461.331577601633,186,186,186
MLI,ML,3112.0,29980.0,29980.0,seyna publique,55363.0,-0.021199999,16.356899,3,,,2004.0,,,69,0,,,69,0,,,69,2,,,2,9158,0.0,0.0,0.0289855072463768,0.0273448181569592,21878.78016638522,187,187,187
MLI,ML,3115.0,29999.0,29999.0,siby a,55387.0,-8.3266396,12.3776847,1,,,2004.0,,,60,28,,,60,0,,,60,0,,,2,9236,0.4666666666666667,0.0,0.0,0.440251572327044,37204.89366921574,188,188,188
MLI,ML,3117.0,30017.0,30017.0,sienso,55467.0,-4.8814001,13.236,3,,,2004.0,,,107,34,,,107,0,,,107,1,,,2,9301,0.3177570093457944,0.0,0.0093457943925233,0.3057859547756498,6953.153702640224,189,189,189
MLI,ML,3118.0,30026.0,30026.0,sikasso,13365.0,-5.6983979,11.3223834,1,,,2015.0,,,119,0,,,119,0,,,119,0,,,1,9328,0.0,0.0,0.0,0.0,2375.4912132410395,190,190,190
MLI,ML,3115.0,30001.0,30001.0,sikouna,55433.0,-7.506299999999999,13.3022,3,,,2004.0,,,67,0,,,67,0,,,67,0,,,2,9251,0.0,0.0,0.0,0.0,26773.972682579642,191,191,191
MLI,ML,3116.0,30008.0,30008.0,simerou,55430.0,-3.0892999,14.4526,3,,,2004.0,,,70,0,,,70,1,,,70,1,,,2,9283,0.0,0.0142857142857142,0.0142857142857142,0.0267616480554485,24169.355516443888,192,192,192
MLI,ML,3115.0,29997.0,29997.0,siracoro meguetana,55375.0,-7.0599942,13.2983189,1,,,2004.0,,,65,0,,,65,0,,,65,1,,,2,9228,0.0,0.0,0.0153846153846153,0.0145137880986937,42378.81902220319,193,193,193
MLI,ML,3113.0,29985.0,29985.0,siribaya,55402.0,-11.2615964,12.3611187,1,,,2004.0,,,63,3,,,63,0,,,63,0,,,2,9192,0.0476190476190476,0.0,0.0,0.0449236298292902,41285.03076224761,194,194,194
MLI,ML,3113.0,29982.0,29982.0,sitafoula,55305.0,-10.8989261,13.7888248,1,,,2004.0,,,66,1,,,66,0,,,66,0,,,2,9165,0.0151515151515151,0.0,0.0,0.0142938822184105,7537.891965494183,195,195,195
MLI,ML,3111.0,29977.0,29977.0,sogoniko,55337.0,-7.9660975,12.6047292,1,,,2004.0,,,96,1,,,96,0,,,96,1,,,2,9143,0.0104166666666666,0.0,0.0104166666666666,0.0195517230083857,450.6488996358115,196,196,196
MLI,ML,3117.0,30018.0,30018.0,somonodougouni,55472.0,-6.4387002,13.3404,3,,,2004.0,,,73,0,,,73,0,,,73,0,,,2,9307,0.0,0.0,0.0,0.0,8173.542532193817,197,197,197
MLI,ML,3116.0,30010.0,30010.0,sossobe,55482.0,-4.6732835,14.5610324,1,,,2004.0,,,70,0,,,70,0,,,70,0,,,2,9292,0.0,0.0,0.0,0.0,12614.906230865543,198,198,198
MLI,ML,3119.0,30033.0,30033.0,soumpi,55456.0,-4.3244079,15.843328,1,,,2004.0,,,69,0,,,69,0,,,69,0,,,2,9343,0.0,0.0,0.0,0.0,31847.146110907484,199,199,199
MLI,ML,3115.0,30001.0,30001.0,tafalam,55434.0,-7.3501,13.0583,3,,,2004.0,,,68,0,,,68,0,,,68,0,,,2,9249,0.0,0.0,0.0,0.0,32048.64706260182,200,200,200
MLI,ML,3112.0,29979.0,29979.0,tarkint,55319.0,-0.114,17.4785,3,,,2004.0,,,66,0,,,66,0,,,66,0,,,2,9152,0.0,0.0,0.0,0.0,24857.394784613123,201,201,201
MLI,ML,3113.0,29983.0,29983.0,tassara,55341.0,-9.7616997,14.5086,3,,,2004.0,,,62,0,,,62,0,,,62,0,,,2,9174,0.0,0.0,0.0,0.0,28651.542555995435,202,202,202
MLI,ML,3112.0,29978.0,29978.0,tassiga,55294.0,0.7093397,15.4745144,1,,,2004.0,,,67,0,,,67,0,,,67,0,,,2,9148,0.0,0.0,0.0,0.0,31619.922841428106,203,203,203
MLI,ML,3112.0,29978.0,29978.0,tessit,55295.0,0.291356,15.2236812,1,,,2004.0,,,70,0,,,70,0,,,70,0,,,2,9146,0.0,0.0,0.0,0.0,47931.04401338142,204,204,204
MLI,ML,3115.0,30000.0,30000.0,tiecourala,55426.0,-8.0143003,13.9355,3,,,2004.0,,,65,1,,,65,0,,,65,0,,,2,9242,0.0153846153846153,0.0,0.0,0.0145137880986937,38411.687392651176,205,205,205
MLI,ML,3118.0,30021.0,30021.0,tieni,55373.0,-5.7399998,10.9337,3,,,2004.0,,,67,39,,,67,0,,,67,0,,,2,9309,0.582089552238806,0.0,0.0,0.5491410870177414,6990.684305871573,206,206,206
MLI,ML,3119.0,30030.0,30030.0,tindirma,55347.0,-3.6357134,16.1316694,1,,,2004.0,,,70,0,,,70,0,,,70,1,,,2,9335,0.0,0.0,0.0142857142857142,0.013477088948787,37562.17013571993,207,207,207
MLI,ML,3113.0,29984.0,29984.0,tintiba,55396.0,-11.3348982,14.2787937,1,,,2004.0,,,71,0,,,71,0,,,71,0,,,2,9186,0.0,0.0,0.0,0.0,21921.729883461256,208,208,208
MLI,ML,3118.0,30026.0,30026.0,tiorona,55477.0,-6.4211001,11.5889,3,,,2004.0,,,71,7,,,71,0,,,71,1,,,2,9325,0.0985915492957746,0.0,0.0140845070422535,0.1049881537430802,19981.58278624438,209,209,209
MLI,ML,3113.0,29983.0,29983.0,torodo,55342.0,-8.8429745,14.5118271,1,,,2004.0,,,64,0,,,64,0,,,64,0,,,2,9176,0.0,0.0,0.0,0.0,19207.622005484413,210,210,210
MLI,ML,3111.0,29976.0,29976.0,torokorobougou,55333.0,-8.0015262,12.6150623,1,,,2004.0,,,88,0,,,88,0,,,88,1,,,2,9140,0.0,0.0,0.0113636363636363,0.0107204116638078,857.8886864924417,211,211,211
MLI,ML,3115.0,29995.0,29995.0,toubala,55345.0,-6.4246001,12.1245,3,,,2004.0,,,50,2,,,50,0,,,50,0,,,2,9223,0.04,0.0,0.0,0.0377358490566037,27755.136238293406,212,212,212
MLI,ML,3113.0,29986.0,29986.0,toukoto ii,55419.0,-9.8738907,13.4359554,1,,,2004.0,,,70,0,,,70,0,,,70,0,,,2,9198,0.0,0.0,0.0,0.0,36983.04048625725,213,213,213
MLI,ML,3116.0,30005.0,30005.0,toun,55310.0,-3.9082822,13.5472349,1,,,2004.0,,,72,32,,,72,0,,,72,5,,,2,9268,0.4444444444444444,0.0,0.0694444444444444,0.455683671092476,82965.90186087496,214,214,214
MLI,ML,3119.0,30034.0,30034.0,toya,55485.0,-3.0529001,16.6612,3,,,2004.0,,,67,0,,,67,0,,,67,0,,,2,9345,0.0,0.0,0.0,0.0,46161.478637132015,215,215,215
MLI,ML,3113.0,29987.0,29987.0,wassamangatere2,55461.0,-10.2951,14.7993,3,,,2004.0,,,69,0,,,69,0,,,69,0,,,2,9212,0.0,0.0,0.0,0.0,48099.16280796471,216,216,216
MLI,ML,3118.0,30024.0,30024.0,yafola,55439.0,-5.1199013,12.4078148,1,,,2004.0,,,66,12,,,66,0,,,66,0,,,2,9321,0.1818181818181818,0.0,0.0,0.1715265866209262,49757.38025222693,217,217,217
MLI,ML,3118.0,30028.0,30028.0,yanfolila,13367.0,-8.1529749,11.1780136,1,,,2016.0,,,188,0,,,188,0,,,188,0,,,1,9332,0.0,0.0,0.0,0.0,44534.73259541428,218,218,218
MLI,ML,3113.0,29989.0,29989.0,yelimane,13368.0,-10.5718086,15.1199067,1,,,2016.0,,,122,0,,,122,0,,,122,1,,,1,9217,0.0,0.0,0.0081967213114754,0.007732755954222,36595.27920279311,219,219,219
MLI,ML,3116.0,30008.0,30008.0,zon,55431.0,-3.1244553,13.8533957,1,,,2004.0,,,70,5,,,70,0,,,70,0,,,2,9281,0.0714285714285714,0.0,0.0,0.0673854447439353,47707.85307957792,220,220,220
