"iso3","iso2","admin1_id","admin2_id","iu_id","site_id","longitude","latitude","georeliability","location_type","survey_type","year","age_start","age_end","hk_examined","hk_positive","asc_examined","asc_positive","tt_examined","tt_positive","quality","sn","hk_prevalence","asc_prevalence","tt_prevalence","sth_prevalence","shortest","id","src","dst"
"NER","NE",3668.0,35298.0,35298.0,"",13.2648576,13.6181979,1,"","mapping",2014.0,8.0,12.0,50,0,50,0,50,0,1,27297,0.0,0.0,0.0,0.0,10220.218814719945,0,0,0
"NER","NE",3668.0,35299.0,35299.0,55657.0,11.988,13.384,3,"","",2004.0,"","",60,0,60,0,60,0,2,10104,0.0,0.0,0.0,0.0,4304.878009779919,1,1,1
"NER","NE",3673.0,35330.0,35330.0,55721.0,1.4833,14.1833,3,"","",2004.0,"","",53,0,53,0,53,0,2,10243,0.0,0.0,0.0,0.0,6612.240913317311,2,2,2
"NER","NE",3667.0,35297.0,35297.0,"",7.8912099,15.6195898,1,"","mapping",2005.0,10.0,12.0,60,0,60,0,60,0,2,27284,0.0,0.0,0.0,0.0,0.0,3,3,4
"NER","NE",3667.0,35297.0,35297.0,13809.0,7.8912099,15.6195898,1,"","",2006.0,"","",60,0,60,0,60,0,1,10089,0.0,0.0,0.0,0.0,0.0,4,4,3
"NER","NE",3667.0,35295.0,35295.0,"",7.3381532,18.7085539,1,"","mapping",2014.0,8.0,15.0,50,0,50,0,50,0,1,27270,0.0,0.0,0.0,0.0,6416.864240066394,5,5,5
"NER","NE",3674.0,35331.0,35331.0,55625.0,10.618,13.797,3,"","",2004.0,"","",47,2,47,0,47,0,2,10248,0.0425531914893617,0.0,0.0,0.0401445202729827,35847.34376064224,6,6,6
"NER","NE",3669.0,35303.0,35303.0,55603.0,4.414,13.724,3,"","",2004.0,"","",21,0,21,0,21,0,2,10120,0.0,0.0,0.0,0.0,17684.212801980615,7,7,7
"NER","NE",3673.0,35326.0,35326.0,55636.0,2.2474999,13.3597,3,"","",2004.0,"","",60,0,60,0,60,0,2,10223,0.0,0.0,0.0,0.0,2778.3735558426074,8,8,8
"NER","NE",3668.0,35298.0,35298.0,55595.0,12.964,13.522,3,"","",2004.0,"","",51,0,51,0,51,0,2,10102,0.0,0.0,0.0,0.0,12863.545760424591,9,9,9
"NER","NE",3669.0,35303.0,35303.0,55604.0,4.2550001,13.529,3,"","",2004.0,"","",60,0,60,0,60,0,2,10121,0.0,0.0,0.0,0.0,28498.7797135501,10,10,10
"NER","NE",3667.0,35297.0,35297.0,"",7.0222741,15.9894329,3,"","mapping",2005.0,3.0,15.0,51,0,51,0,51,0,2,27286,0.0,0.0,0.0,0.0,0.0,11,11,12
"NER","NE",3667.0,35297.0,35297.0,13810.0,7.0222741,15.9894329,3,"","",2006.0,"","",52,0,52,0,52,0,1,10090,0.0,0.0,0.0,0.0,0.0,12,12,11
"NER","NE",3672.0,35319.0,35319.0,13755.0,4.6666667,14.3333333,3,"","",2006.0,"","",60,0,60,0,60,0,1,10187,0.0,0.0,0.0,0.0,4665.9448251773065,13,13,13
"NER","NE",3668.0,35299.0,35299.0,55658.0,11.091,13.635,3,"","",2004.0,"","",60,0,60,0,60,0,2,10113,0.0,0.0,0.0,0.0,22029.54791301212,14,14,14
"NER","NE",3667.0,35296.0,35296.0,"",12.90916,19.3864899,1,"","mapping",2013.0,7.0,14.0,50,0,50,0,50,0,1,27280,0.0,0.0,0.0,0.0,478338.93395278923,15,15,15
"NER","NE",3673.0,35327.0,35327.0,55679.0,2.5250001,14.293,3,"","",2004.0,"","",33,0,33,0,33,0,2,10235,0.0,0.0,0.0,0.0,250.51859221543748,16,16,16
"NER","NE",3674.0,35332.0,35332.0,"",9.51001,12.89653,3,"","mapping",2005.0,7.0,13.0,60,0,60,0,60,0,2,27562,0.0,0.0,0.0,0.0,0.0,17,17,18
"NER","NE",3674.0,35332.0,35332.0,13766.0,9.51001,12.89653,3,"","",2006.0,"","",60,0,60,0,60,0,1,10261,0.0,0.0,0.0,0.0,0.0,18,18,17
"NER","NE",3667.0,35297.0,35297.0,"",8.408534,17.633881,1,"","mapping",2013.0,7.0,14.0,50,0,50,0,50,0,1,27287,0.0,0.0,0.0,0.0,18952.027501597368,19,19,19
"NER","NE",3672.0,35321.0,35321.0,"",5.88472,14.04421,3,"","sentinel site",2018.0,7.0,11.0,54,0,54,2,54,0,1,27456,0.0,0.037037037037037,0.0,0.0349406009783368,29833.777425545104,20,20,20
"NER","NE",3673.0,35325.0,35325.0,55608.0,3.576,14.918,3,"","",2004.0,"","",60,4,60,0,60,0,2,10203,0.0666666666666666,0.0,0.0,0.0628930817610062,34417.00951417684,21,21,21
"NER","NE",3668.0,35299.0,35299.0,55659.0,7.3894772,18.7390029,1,"","",2004.0,"","",49,2,49,0,49,0,2,10114,0.0408163265306122,0.0,0.0,0.0385059684251058,0.0,22,22,23
"NER","NE",3667.0,35295.0,35295.0,13725.0,7.3894772,18.7390029,1,"","",2006.0,"","",60,0,60,0,60,0,1,10072,0.0,0.0,0.0,0.0,0.0,23,23,22
"NER","NE",3668.0,35299.0,35299.0,"",12.2423743,13.5976892,3,"","mapping",2005.0,5.0,13.0,49,2,49,0,49,0,2,27324,0.0408163265306122,0.0,0.0,0.0385059684251058,0.0,24,24,25
"NER","NE",3668.0,35299.0,35299.0,13774.0,12.2423743,13.5976892,3,"","",2006.0,"","",50,2,50,0,50,0,1,10109,0.04,0.0,0.0,0.0377358490566037,0.0,25,25,24
"NER","NE",3674.0,35334.0,35334.0,55673.0,9.4689999,13.671,3,"","",2004.0,"","",59,1,59,0,59,0,2,10269,0.0169491525423728,0.0,0.0,0.0159897665494083,32242.674907481975,26,26,26
"NER","NE",3669.0,35304.0,35304.0,"",3.552337,12.049866,1,"","mapping",2012.0,7.0,12.0,50,0,50,0,50,0,1,27365,0.0,0.0,0.0,0.0,7863.518823434003,27,27,27
"NER","NE",3667.0,35297.0,35297.0,55702.0,7.986535,16.9741689,1,"","",2004.0,"","",60,0,60,1,60,0,2,10087,0.0,0.0166666666666666,0.0,0.0157232704402515,0.0,28,28,313
"NER","NE",3673.0,35326.0,35326.0,"",1.89446,13.6014,3,"","sentinel site",2011.0,7.0,8.0,99,0,99,0,99,0,1,27479,0.0,0.0,0.0,0.0,0.0,29,29,30
"NER","NE",3673.0,35326.0,35326.0,"",1.89446,13.6014,3,"","sentinel site",2013.0,9.0,10.0,0,0,94,0,94,0,1,27480,"",0.0,0.0,"",0.0,30,30,29
"NER","NE",3670.0,35308.0,35308.0,"",6.980556,13.614394,3,"","mapping",2005.0,7.0,11.0,60,0,60,1,60,0,2,27419,0.0,0.0166666666666666,0.0,0.0157232704402515,0.0,31,31,32
"NER","NE",3670.0,35308.0,35308.0,13752.0,6.980556,13.614394,3,"","",2006.0,"","",60,0,60,1,60,0,1,10158,0.0,0.0166666666666666,0.0,0.0157232704402515,0.0,32,32,31
"NER","NE",3673.0,35325.0,35325.0,55609.0,3.086,14.302,3,"","",2004.0,"","",40,0,40,0,40,0,2,10204,0.0,0.0,0.0,0.0,8010.4701523830645,33,33,33
"NER","NE",3668.0,35299.0,35299.0,55660.0,11.877,13.652,3,"","",2004.0,"","",60,0,60,0,60,0,2,10103,0.0,0.0,0.0,0.0,8646.941467276145,34,34,34
"NER","NE",3667.0,35297.0,35297.0,13811.0,9.0866667,17.4038889,3,"","",2006.0,"","",40,0,40,0,40,0,1,10082,0.0,0.0,0.0,0.0,8658.904864417469,35,35,35
"NER","NE",3673.0,35327.0,35327.0,55680.0,2.6930001,14.672,3,"","",2004.0,"","",57,0,57,0,57,0,2,10233,0.0,0.0,0.0,0.0,1120.6731667472227,36,36,36
"NER","NE",3670.0,35312.0,35312.0,"",8.2749125,13.9426026,3,"","mapping",2005.0,10.0,16.0,59,0,59,0,59,0,2,27432,0.0,0.0,0.0,0.0,0.0,37,37,38
"NER","NE",3670.0,35312.0,35312.0,13822.0,8.2749125,13.9426026,3,"","",2006.0,"","",60,0,60,0,60,0,1,10172,0.0,0.0,0.0,0.0,0.0,38,38,37
"NER","NE",3670.0,35307.0,35307.0,55589.0,7.6389999,14.491,3,"","",2004.0,"","",62,8,62,0,62,0,2,10149,0.1290322580645161,0.0,0.0,0.1217285453438831,472.39805848172097,39,39,39
"NER","NE",3669.0,35304.0,35304.0,"",3.5939254,11.9889213,1,"","mapping",2012.0,7.0,12.0,50,0,50,0,50,0,1,27368,0.0,0.0,0.0,0.0,0.0,40,40,41
"NER","NE",3669.0,35304.0,35304.0,55618.0,3.5939254,11.9889213,1,"","",2004.0,"","",60,0,60,0,60,0,2,10132,0.0,0.0,0.0,0.0,0.0,41,41,40
"NER","NE",3670.0,35307.0,35307.0,"",6.6183901,14.7073373,1,"","mapping",2005.0,7.0,16.0,60,0,60,0,60,0,2,27415,0.0,0.0,0.0,0.0,0.0,42,42,43
"NER","NE",3670.0,35307.0,35307.0,13731.0,6.6183901,14.7073373,1,"","",2006.0,"","",60,0,60,0,60,0,1,10144,0.0,0.0,0.0,0.0,0.0,43,43,42
"NER","NE",3670.0,35308.0,35308.0,55630.0,6.6183901,14.7073373,1,"","",2004.0,"","",43,0,43,0,43,0,2,10153,0.0,0.0,0.0,0.0,0.0,44,44,42
"NER","NE",3668.0,35298.0,35298.0,55596.0,13.188,13.667,3,"","",2004.0,"","",60,0,60,0,60,0,2,10101,0.0,0.0,0.0,0.0,10220.218814719945,45,45,45
"NER","NE",3668.0,35299.0,35299.0,55661.0,11.867,13.857,3,"","",2004.0,"","",24,0,24,0,24,0,2,10106,0.0,0.0,0.0,0.0,9377.924968497457,46,46,46
"NER","NE",3669.0,35305.0,35305.0,13757.0,2.29082,13.6124517,1,"","",2006.0,"","",60,0,60,0,60,0,1,10137,0.0,0.0,0.0,0.0,21333.72279605616,47,47,47
"NER","NE",3668.0,35298.0,35298.0,"",13.31583,13.69661,1,"","mapping",2014.0,8.0,12.0,50,0,50,0,50,0,1,27304,0.0,0.0,0.0,0.0,10624.839381969148,48,48,48
"NER","NE",3668.0,35299.0,35299.0,"",12.254,13.1607299,1,"","mapping",2014.0,6.0,12.0,50,0,50,2,50,0,1,27325,0.0,0.04,0.0,0.0377358490566037,39101.39330592853,49,49,49
"NER","NE",3673.0,35325.0,35325.0,55610.0,3.655,14.484,3,"","",2004.0,"","",59,0,59,0,59,0,2,10213,0.0,0.0,0.0,0.0,457.15913241194124,50,50,50
"NER","NE",3667.0,35295.0,35295.0,"",2.118023,13.5318887,1,"","mapping",2014.0,8.0,14.0,50,0,50,0,50,0,1,27272,0.0,0.0,0.0,0.0,1137.019019923556,51,51,51
"NER","NE",3674.0,35331.0,35331.0,"",10.14758,13.51435,1,"","mapping",2014.0,7.0,11.0,50,0,50,0,50,0,1,27539,0.0,0.0,0.0,0.0,11976.040664614751,52,52,52
"NER","NE",3669.0,35305.0,35305.0,55643.0,3.579,13.693,3,"","",2004.0,"","",60,1,60,0,60,0,2,10139,0.0166666666666666,0.0,0.0,0.0157232704402515,18537.37996833058,53,53,53
"NER","NE",3674.0,35335.0,35335.0,55693.0,9.04,15.511,3,"","",2004.0,"","",60,1,60,0,60,5,2,10282,0.0166666666666666,0.0,0.0833333333333333,0.0930293501048217,26814.601057473687,54,54,54
"NER","NE",3669.0,35303.0,35303.0,13736.0,3.7333333,13.2333333,3,"","",2006.0,"","",50,0,50,0,50,0,1,10127,0.0,0.0,0.0,0.0,765.9922416235966,55,55,55
"NER","NE",3667.0,35297.0,35297.0,55703.0,9.1149998,17.473,3,"","",2004.0,"","",60,0,60,0,60,0,2,10084,0.0,0.0,0.0,0.0,8658.904864417469,56,56,56
"NER","NE",3672.0,35324.0,35324.0,55686.0,5.3150001,14.552,3,"","",2004.0,"","",60,3,60,0,60,0,2,10197,0.05,0.0,0.0,0.0471698113207547,3467.7211480429337,57,57,57
"NER","NE",3670.0,35309.0,35309.0,"",6.977983,13.02225,1,"","mapping",2005.0,10.0,15.0,60,0,60,0,60,0,2,27422,0.0,0.0,0.0,0.0,542.0905043767123,58,58,58
"NER","NE",3667.0,35297.0,35297.0,55704.0,7.112,16.198999,3,"","",2004.0,"","",66,1,66,0,66,0,2,10096,0.0151515151515151,0.0,0.0,0.0142938822184105,7061.122555463523,59,59,59
"NER","NE",3668.0,35299.0,35299.0,13775.0,11.3867,13.4218,3,"","",2006.0,"","",60,1,60,0,60,5,1,10115,0.0166666666666666,0.0,0.0833333333333333,0.0930293501048217,253.98586280755066,60,60,60
"NER","NE",3668.0,35299.0,35299.0,55662.0,11.95,13.871,3,"","",2004.0,"","",60,0,60,0,60,0,2,10108,0.0,0.0,0.0,0.0,9377.924968497457,61,61,61
"NER","NE",3674.0,35334.0,35334.0,55674.0,7.766667,13.55,1,"","",2004.0,"","",60,0,60,0,60,0,2,10266,0.0,0.0,0.0,0.0,23849.81232901863,62,62,62
"NER","NE",3674.0,35335.0,35335.0,"",8.15,14.6833333,3,"","mapping",2005.0,7.0,14.0,60,0,60,0,60,0,2,27597,0.0,0.0,0.0,0.0,0.0,63,63,64
"NER","NE",3674.0,35335.0,35335.0,13803.0,8.15,14.6833333,3,"","",2006.0,"","",60,0,60,0,60,0,1,10272,0.0,0.0,0.0,0.0,0.0,64,64,63
"NER","NE",3674.0,35334.0,35334.0,55675.0,8.9200001,13.779,3,"","",2004.0,"","",60,1,60,0,60,0,2,10265,0.0166666666666666,0.0,0.0,0.0157232704402515,8234.961155625777,65,65,65
"NER","NE",3670.0,35307.0,35307.0,13732.0,7.30694,14.37806,3,"","",2006.0,"","",60,0,60,0,60,0,1,10147,0.0,0.0,0.0,0.0,39178.18700686449,66,66,66
"NER","NE",3672.0,35324.0,35324.0,55687.0,5.3299999,14.714,3,"","",2004.0,"","",60,0,60,0,60,0,2,10194,0.0,0.0,0.0,0.0,265.8978694847728,67,67,67
"NER","NE",3673.0,35325.0,35325.0,"",3.016667,14.283333,1,"","mapping",2005.0,10.0,17.0,60,1,60,0,60,0,2,27465,0.0166666666666666,0.0,0.0,0.0157232704402515,0.0,68,68,69
"NER","NE",3673.0,35325.0,35325.0,13742.0,3.016667,14.283333,1,"","",2006.0,"","",50,0,50,0,50,0,1,10218,0.0,0.0,0.0,0.0,0.0,69,69,68
"NER","NE",3674.0,35332.0,35332.0,55650.0,9.1599998,13.158,3,"","",2004.0,"","",60,1,60,0,60,0,2,10256,0.0166666666666666,0.0,0.0,0.0157232704402515,38298.554217175995,70,70,70
"NER","NE",3673.0,35325.0,35325.0,"",3.9593505,13.4908795,4,"","mapping",2005.0,11.0,14.0,60,0,60,0,60,0,2,27466,0.0,0.0,0.0,0.0,0.0,71,71,72
"NER","NE",3673.0,35325.0,35325.0,13743.0,3.9593505,13.4908795,4,"","",2006.0,"","",60,0,60,0,60,0,1,10219,0.0,0.0,0.0,0.0,0.0,72,72,71
"NER","NE",3674.0,35331.0,35331.0,55626.0,10.099,13.421,3,"","",2004.0,"","",60,0,60,0,60,1,2,10249,0.0,0.0,0.0166666666666666,0.0157232704402515,2554.4333151632727,73,73,73
"NER","NE",3673.0,35325.0,35325.0,55611.0,3.885,14.928,3,"","",2004.0,"","",22,3,22,0,22,0,2,10208,0.1363636363636363,0.0,0.0,0.1286449399656946,4195.760411559962,74,74,74
"NER","NE",3668.0,35299.0,35299.0,"",11.3499,13.8116,3,"","mapping",2005.0,5.0,13.0,22,3,22,0,22,0,2,27329,0.1363636363636363,0.0,0.0,0.1286449399656946,0.0,75,75,76
"NER","NE",3668.0,35299.0,35299.0,13776.0,11.3499,13.8116,3,"","",2006.0,"","",22,0,22,1,22,0,1,10105,0.0,0.0454545454545454,0.0,0.0428816466552315,0.0,76,76,75
"NER","NE",3673.0,35327.0,35327.0,55681.0,2.664,14.909,3,"","",2004.0,"","",60,0,60,0,60,0,2,10231,0.0,0.0,0.0,0.0,26567.562661611402,77,77,77
"NER","NE",3674.0,35332.0,35332.0,55651.0,8.7370005,12.916,3,"","",2004.0,"","",38,0,38,0,38,0,2,10254,0.0,0.0,0.0,0.0,25208.088475876786,78,78,78
"NER","NE",3673.0,35327.0,35327.0,"",2.21763,14.32766,3,"","mapping",2005.0,8.0,15.0,60,0,60,0,60,0,2,27492,0.0,0.0,0.0,0.0,0.0,79,79,80
"NER","NE",3673.0,35327.0,35327.0,13792.0,2.21763,14.32766,3,"","",2006.0,"","",60,0,60,0,60,0,1,10234,0.0,0.0,0.0,0.0,0.0,80,80,79
"NER","NE",3669.0,35304.0,35304.0,55619.0,3.5896001,11.8786,3,"","",2004.0,"","",60,0,60,0,60,0,2,10134,0.0,0.0,0.0,0.0,6.722805196943187,81,81,81
"NER","NE",3673.0,35325.0,35325.0,"",3.6542,14.4879,3,"","mapping",2005.0,10.0,13.0,38,0,38,0,38,0,2,27467,0.0,0.0,0.0,0.0,0.0,82,82,83
"NER","NE",3673.0,35325.0,35325.0,13744.0,3.6542,14.4879,3,"","",2006.0,"","",40,0,40,0,40,0,1,10220,0.0,0.0,0.0,0.0,0.0,83,83,82
"NER","NE",3669.0,35304.0,35304.0,"",3.5433199,12.6183241,1,"","mapping",2012.0,7.0,15.0,50,0,50,0,50,0,1,27371,0.0,0.0,0.0,0.0,15488.514748761121,84,84,84
"NER","NE",3672.0,35324.0,35324.0,55688.0,4.8369999,14.715,3,"","",2004.0,"","",60,0,60,0,60,0,2,10198,0.0,0.0,0.0,0.0,185.39390967124888,85,85,85
"NER","NE",3670.0,35312.0,35312.0,"",8.23963,13.29903,3,"","mapping",2005.0,10.0,16.0,60,0,60,0,60,0,2,27434,0.0,0.0,0.0,0.0,0.0,86,86,87
"NER","NE",3670.0,35312.0,35312.0,13823.0,8.23963,13.29903,3,"","",2006.0,"","",60,0,60,0,60,0,1,10173,0.0,0.0,0.0,0.0,0.0,87,87,86
"NER","NE",3673.0,35326.0,35326.0,55637.0,1.9611,13.5833,3,"","",2004.0,"","",60,0,60,0,60,0,2,10226,0.0,0.0,0.0,0.0,168.27736129513156,88,88,88
"NER","NE",3669.0,35303.0,35303.0,13737.0,4.5666667,13.7666667,3,"","",2006.0,"","",60,0,60,0,60,0,1,10122,0.0,0.0,0.0,0.0,372.78757755796323,89,89,89
"NER","NE",3674.0,35335.0,35335.0,55694.0,8.8129997,14.711,3,"","",2004.0,"","",60,0,60,0,60,0,2,10281,0.0,0.0,0.0,0.0,583.033352442404,90,90,90
"NER","NE",3673.0,35328.0,35328.0,"",2.3217600000000003,13.28957,3,"","sentinel site",2013.0,8.0,10.0,0,0,91,0,91,0,1,27502,"",0.0,0.0,"",0.0,91,91,92
"NER","NE",3673.0,35328.0,35328.0,"",2.3217600000000003,13.28957,3,"","sentinel site",2011.0,7.0,8.0,100,0,100,0,100,0,1,27501,0.0,0.0,0.0,0.0,0.0,92,92,91
"NER","NE",3672.0,35317.0,35317.0,55583.0,5.6290002,14.122,3,"","",2004.0,"","",60,1,60,0,60,1,2,10179,0.0166666666666666,0.0,0.0166666666666666,0.0311844863731656,1006.287400190098,93,93,93
"NER","NE",3672.0,35324.0,35324.0,"",4.83642,14.71349,3,"","mapping",2005.0,7.0,15.0,60,0,60,0,60,0,2,27463,0.0,0.0,0.0,0.0,0.0,94,94,95
"NER","NE",3672.0,35324.0,35324.0,13799.0,4.83642,14.71349,3,"","",2006.0,"","",60,0,60,0,60,0,1,10196,0.0,0.0,0.0,0.0,0.0,95,95,94
"NER","NE",3674.0,35333.0,35333.0,55666.0,8.6230001,13.209,3,"","",2004.0,"","",60,1,60,0,60,0,2,10262,0.0166666666666666,0.0,0.0,0.0157232704402515,23130.39700689258,96,96,96
"NER","NE",3667.0,35295.0,35295.0,13726.0,8.275,17.7345,3,"","",2006.0,"","",60,0,60,0,60,0,1,10074,0.0,0.0,0.0,0.0,367.3697311953599,97,97,97
"NER","NE",3670.0,35311.0,35311.0,13784.0,7.6710889,13.9501075,1,"","",2006.0,"","",50,0,50,0,50,0,1,10167,0.0,0.0,0.0,0.0,0.0,98,98,100
"NER","NE",3673.0,35327.0,35327.0,55682.0,1.9960001,15.132,3,"","",2004.0,"","",60,0,60,0,60,0,2,10229,0.0,0.0,0.0,0.0,7700.480764013582,99,99,99
"NER","NE",3670.0,35309.0,35309.0,55647.0,7.6710889,13.9501075,2,"","",2004.0,"","",62,0,62,0,62,0,2,10159,0.0,0.0,0.0,0.0,0.0,100,100,98
"NER","NE",3674.0,35331.0,35331.0,55627.0,9.8260002,13.96,3,"","",2004.0,"","",33,2,33,0,33,0,2,10247,0.0606060606060606,0.0,0.0,0.057175528873642,39480.424596441815,101,101,101
"NER","NE",3674.0,35334.0,35334.0,55676.0,8.5360003,13.836,3,"","",2004.0,"","",60,0,60,1,60,0,2,10264,0.0,0.0166666666666666,0.0,0.0157232704402515,25429.48346249125,102,102,102
"NER","NE",3669.0,35305.0,35305.0,"",3.745317,13.684933,3,"","mapping",2005.0,7.0,11.0,60,1,60,1,60,0,2,27411,0.0166666666666666,0.0166666666666666,0.0,0.0311844863731656,0.0,103,103,104
"NER","NE",3669.0,35305.0,35305.0,13758.0,3.745317,13.684933,3,"","",2006.0,"","",60,0,60,0,60,0,1,10138,0.0,0.0,0.0,0.0,0.0,104,104,103
"NER","NE",3670.0,35308.0,35308.0,55631.0,6.8460002,13.74,3,"","",2004.0,"","",45,0,45,0,45,0,2,10156,0.0,0.0,0.0,0.0,10894.088364062476,105,105,105
"NER","NE",3670.0,35306.0,35306.0,55579.0,7.8150001,13.347,3,"","",2004.0,"","",60,0,60,0,60,0,2,10141,0.0,0.0,0.0,0.0,420.9175319295898,106,106,106
"NER","NE",3670.0,35307.0,35307.0,"",6.8,14.4,1,"","mapping",2005.0,7.0,14.0,60,0,60,0,60,0,2,27416,0.0,0.0,0.0,0.0,0.0,107,107,108
"NER","NE",3670.0,35307.0,35307.0,13733.0,6.8,14.4,1,"","",2006.0,"","",60,0,60,0,60,0,1,10145,0.0,0.0,0.0,0.0,0.0,108,108,107
"NER","NE",3673.0,35330.0,35330.0,55722.0,0.97780001,14.6333,3,"","",2004.0,"","",60,0,60,0,60,0,2,10246,0.0,0.0,0.0,0.0,150.70510221283084,109,109,109
"NER","NE",3673.0,35327.0,35327.0,55683.0,2.527,14.294,3,"","",2004.0,"","",60,5,60,0,60,0,2,10227,0.0833333333333333,0.0,0.0,0.0786163522012578,250.51859221543748,110,110,110
"NER","NE",3674.0,35332.0,35332.0,"",8.81169,13.12428,3,"","mapping",2014.0,7.0,12.0,50,0,50,1,50,0,1,27571,0.0,0.02,0.0,0.0188679245283018,0.0,111,111,112
"NER","NE",3674.0,35332.0,35332.0,"",8.81169,13.12428,3,"","sentinel site",2018.0,7.0,11.0,54,0,54,1,54,2,1,27572,0.0,0.0185185185185185,0.037037037037037,0.0517638533012397,0.0,112,112,111
"NER","NE",3668.0,35300.0,35300.0,55678.0,12.716,13.808,3,"","",2004.0,"","",60,0,60,1,60,0,2,10116,0.0,0.0166666666666666,0.0,0.0157232704402515,39018.63494008015,113,113,113
"NER","NE",3674.0,35335.0,35335.0,"",8.6273816,14.7225172,3,"","mapping",2005.0,11.0,14.0,60,5,60,0,60,0,2,27600,0.0833333333333333,0.0,0.0,0.0786163522012578,0.0,114,114,115
"NER","NE",3674.0,35335.0,35335.0,13804.0,8.6273816,14.7225172,3,"","",2006.0,"","",60,0,60,0,60,0,1,10278,0.0,0.0,0.0,0.0,0.0,115,115,114
"NER","NE",3674.0,35331.0,35331.0,"",9.873182,14.30087,1,"","mapping",2014.0,8.0,12.0,50,0,50,0,50,0,1,27544,0.0,0.0,0.0,0.0,39480.424596441815,116,116,116
"NER","NE",3673.0,35328.0,35328.0,"",2.33792,13.16053,3,"","sentinel site",2013.0,9.0,10.0,0,0,89,0,89,0,1,27504,"",0.0,0.0,"",0.0,117,117,118
"NER","NE",3673.0,35328.0,35328.0,"",2.33792,13.16053,3,"","sentinel site",2011.0,7.0,8.0,100,0,100,0,100,0,1,27503,0.0,0.0,0.0,0.0,0.0,118,118,117
"NER","NE",3670.0,35312.0,35312.0,55718.0,8.276,13.944,3,"","",2004.0,"","",60,0,60,0,60,0,2,10174,0.0,0.0,0.0,0.0,200.86158106206958,119,119,119
"NER","NE",3669.0,35302.0,35302.0,55600.0,3.6400001,13.104,3,"","",2004.0,"","",60,0,60,0,60,0,2,10117,0.0,0.0,0.0,0.0,1773.039753960077,120,120,120
"NER","NE",3673.0,35329.0,35329.0,"",1.612402,13.741774,3,"","sentinel site",2018.0,7.0,11.0,54,0,54,15,54,1,1,27510,0.0,0.2777777777777778,0.0185185185185185,0.2746719465797033,12694.565123798011,121,121,121
"NER","NE",3667.0,35297.0,35297.0,55705.0,7.9239998,15.694,3,"","",2004.0,"","",14,1,14,0,14,0,2,10086,0.0714285714285714,0.0,0.0,0.0673854447439353,7724.273488377784,122,122,122
"NER","NE",3674.0,35335.0,35335.0,"",8.8164325,14.707174,3,"","mapping",2005.0,7.0,10.0,60,0,60,0,60,0,2,27601,0.0,0.0,0.0,0.0,0.0,123,123,124
"NER","NE",3674.0,35335.0,35335.0,13805.0,8.8164325,14.707174,3,"","",2006.0,"","",60,0,60,0,60,0,1,10270,0.0,0.0,0.0,0.0,0.0,124,124,123
"NER","NE",3673.0,35325.0,35325.0,55612.0,2.9719999,14.087,3,"","",2004.0,"","",60,0,60,30,60,0,2,10217,0.0,0.5,0.0,0.4716981132075471,27.986036902517828,125,125,125
"NER","NE",3667.0,35297.0,35297.0,55706.0,7.961,17.384001,3,"","",2004.0,"","",60,0,60,0,60,0,2,10079,0.0,0.0,0.0,0.0,18986.586032307037,126,126,126
"NER","NE",3674.0,35332.0,35332.0,13769.0,8.9873561,13.7396906,3,"","",2006.0,"","",60,0,60,16,60,0,1,10257,0.0,0.2666666666666666,0.0,0.2515723270440251,572.3889119183199,127,127,127
"NER","NE",3674.0,35336.0,35336.0,"",8.982237,13.74016,3,"","sentinel site",2018.0,7.0,11.0,54,0,54,3,54,0,1,27611,0.0,0.0555555555555555,0.0,0.0524109014675052,572.3889119183199,128,128,128
"NER","NE",3673.0,35325.0,35325.0,"",2.8354441,14.0051832,3,"","sentinel site",2018.0,7.0,11.0,54,0,54,0,54,0,1,27468,0.0,0.0,0.0,0.0,5621.79423791119,129,129,129
"NER","NE",3669.0,35304.0,35304.0,"",3.4548833,11.8852599,1,"","mapping",2012.0,8.0,13.0,50,0,50,0,50,0,1,27377,0.0,0.0,0.0,0.0,13430.819140400445,130,130,130
"NER","NE",3674.0,35331.0,35331.0,"",10.51124,14.3101,1,"","mapping",2014.0,7.0,12.0,50,0,50,0,50,0,1,27547,0.0,0.0,0.0,0.0,45777.72324944914,131,131,131
"NER","NE",3674.0,35335.0,35335.0,55695.0,8.1479998,14.69,3,"","",2004.0,"","",60,0,60,0,60,0,2,10280,0.0,0.0,0.0,0.0,798.8583947129263,132,132,132
"NER","NE",3673.0,35327.0,35327.0,13795.0,2.68629,14.67926,3,"","",2006.0,"","",50,0,50,0,50,0,1,10236,0.0,0.0,0.0,0.0,1120.6731667472227,133,133,133
"NER","NE",3673.0,35325.0,35325.0,"",2.866667,13.966667,2,"","mapping",2005.0,10.0,12.0,60,0,60,0,60,0,2,27469,0.0,0.0,0.0,0.0,0.0,134,134,135
"NER","NE",3673.0,35325.0,35325.0,13745.0,2.866667,13.966667,2,"","",2006.0,"","",60,0,60,0,60,0,1,10205,0.0,0.0,0.0,0.0,0.0,135,135,134
"NER","NE",3670.0,35311.0,35311.0,55668.0,7.8909998,14.415,3,"","",2004.0,"","",60,0,60,1,60,0,2,10170,0.0,0.0166666666666666,0.0,0.0157232704402515,392.93088476359253,136,136,136
"NER","NE",3672.0,35324.0,35324.0,55689.0,4.777,14.82,3,"","",2004.0,"","",60,0,60,0,60,0,2,10201,0.0,0.0,0.0,0.0,13810.388862413674,137,137,137
"NER","NE",3674.0,35332.0,35332.0,"",9.4844,13.0464,3,"","mapping",2005.0,7.0,14.0,60,0,60,1,60,0,2,27574,0.0,0.0166666666666666,0.0,0.0157232704402515,0.0,138,138,139
"NER","NE",3674.0,35332.0,35332.0,13770.0,9.4844,13.0464,3,"","",2006.0,"","",50,0,50,0,50,0,1,10258,0.0,0.0,0.0,0.0,0.0,139,139,138
"NER","NE",3670.0,35309.0,35309.0,"",6.9710002,13.374,3,"","mapping",2005.0,9.0,13.0,60,0,60,0,60,0,2,27421,0.0,0.0,0.0,0.0,0.0,140,140,141
"NER","NE",3670.0,35309.0,35309.0,13765.0,6.9710002,13.374,3,"","",2006.0,"","",60,0,60,0,60,0,1,19719,0.0,0.0,0.0,0.0,0.0,141,141,140
"NER","NE",3670.0,35309.0,35309.0,55648.0,6.9710002,13.374,3,"","",2004.0,"","",58,0,58,0,58,0,2,10161,0.0,0.0,0.0,0.0,0.0,142,142,140
"NER","NE",3672.0,35317.0,35317.0,"",5.251836,13.79872,3,"","sentinel site",2018.0,7.0,11.0,54,0,54,0,54,0,1,27454,0.0,0.0,0.0,0.0,16460.212971578843,143,143,143
"NER","NE",3670.0,35312.0,35312.0,55719.0,8.2419996,13.295,3,"","",2004.0,"","",60,0,60,0,60,0,2,10175,0.0,0.0,0.0,0.0,531.1121266231389,144,144,144
"NER","NE",3674.0,35333.0,35333.0,55667.0,8.6280003,13.56,3,"","",2004.0,"","",60,0,60,0,60,0,2,10263,0.0,0.0,0.0,0.0,33240.679921400595,145,145,145
"NER","NE",3669.0,35304.0,35304.0,"",3.4069408,12.5914296,2,"","mapping",2012.0,7.0,12.0,50,0,50,0,50,0,1,27381,0.0,0.0,0.0,0.0,15488.514748761121,146,146,146
"NER","NE",3674.0,35331.0,35331.0,55628.0,10.901,14.183,3,"","",2004.0,"","",60,2,60,0,60,0,2,10251,0.0333333333333333,0.0,0.0,0.0314465408805031,45777.72324944914,147,147,147
"NER","NE",3672.0,35318.0,35318.0,"",6.2,14.666667,1,"","mapping",2005.0,6.0,13.0,60,0,60,0,60,0,2,27451,0.0,0.0,0.0,0.0,0.0,148,148,149
"NER","NE",3672.0,35318.0,35318.0,13730.0,6.2,14.666667,1,"","",2006.0,"","",60,0,60,0,60,0,1,10184,0.0,0.0,0.0,0.0,0.0,149,149,148
"NER","NE",3670.0,35311.0,35311.0,13785.0,7.77645,13.99556,3,"","",2006.0,"","",60,0,60,0,60,0,1,10166,0.0,0.0,0.0,0.0,12835.480239956323,150,150,150
"NER","NE",3668.0,35299.0,35299.0,55663.0,11.953,13.368,3,"","",2004.0,"","",60,0,60,3,60,0,2,10111,0.0,0.05,0.0,0.0471698113207547,4304.878009779919,151,151,151
"NER","NE",3669.0,35304.0,35304.0,55620.0,3.5876,11.99,3,"","",2004.0,"","",60,0,60,0,60,0,2,10130,0.0,0.0,0.0,0.0,714.7609030164741,152,152,152
"NER","NE",3670.0,35307.0,35307.0,"",7.642324,14.493554,3,"","mapping",2005.0,6.0,15.0,60,0,60,3,60,0,2,27417,0.0,0.05,0.0,0.0471698113207547,0.0,153,153,154
"NER","NE",3670.0,35307.0,35307.0,13734.0,7.642324,14.493554,3,"","",2006.0,"","",60,0,60,0,60,0,1,10152,0.0,0.0,0.0,0.0,0.0,154,154,153
"NER","NE",3674.0,35335.0,35335.0,55696.0,8.9350004,15.302,3,"","",2004.0,"","",60,0,60,0,60,1,2,10271,0.0,0.0,0.0166666666666666,0.0157232704402515,26814.601057473687,155,155,155
"NER","NE",3670.0,35308.0,35308.0,"",6.88541,13.65297,3,"","mapping",2005.0,8.0,14.0,60,0,60,0,60,0,2,27420,0.0,0.0,0.0,0.0,0.0,156,156,157
"NER","NE",3670.0,35308.0,35308.0,13753.0,6.88541,13.65297,3,"","",2006.0,"","",60,0,60,0,60,0,1,10157,0.0,0.0,0.0,0.0,0.0,157,157,156
"NER","NE",3670.0,35307.0,35307.0,55590.0,7.421,14.93,3,"","",2004.0,"","",23,0,23,0,23,0,2,10146,0.0,0.0,0.0,0.0,41051.70449914809,158,158,158
"NER","NE",3672.0,35324.0,35324.0,55690.0,5.0840001,15.02,3,"","",2004.0,"","",59,0,59,0,59,0,2,10199,0.0,0.0,0.0,0.0,18766.938196994,159,159,159
"NER","NE",3667.0,35297.0,35297.0,"",5.85417,17.255,3,"","mapping",2005.0,10.0,12.0,23,0,23,0,23,0,2,27289,0.0,0.0,0.0,0.0,0.0,160,160,161
"NER","NE",3667.0,35297.0,35297.0,13815.0,5.85417,17.255,3,"","",2006.0,"","",23,0,23,0,23,0,1,10092,0.0,0.0,0.0,0.0,0.0,161,161,160
"NER","NE",3667.0,35295.0,35295.0,"",8.4101984,19.0643346,1,"","mapping",2005.0,7.0,14.0,59,0,59,0,59,0,2,27274,0.0,0.0,0.0,0.0,0.0,162,162,163
"NER","NE",3667.0,35295.0,35295.0,13727.0,8.4101984,19.0643346,1,"","",2006.0,"","",60,0,60,0,60,0,1,10070,0.0,0.0,0.0,0.0,0.0,163,163,162
"NER","NE",3672.0,35324.0,35324.0,55691.0,8.4101984,19.0643346,1,"","",2004.0,"","",60,0,60,0,60,0,2,10200,0.0,0.0,0.0,0.0,0.0,164,164,162
"NER","NE",3667.0,35297.0,35297.0,"",6.934332,16.7867314,1,"","mapping",2005.0,12.0,12.0,60,0,60,0,60,0,2,27290,0.0,0.0,0.0,0.0,0.0,165,165,166
"NER","NE",3667.0,35297.0,35297.0,13816.0,6.934332,16.7867314,1,"","",2006.0,"","",60,0,60,0,60,0,1,10097,0.0,0.0,0.0,0.0,0.0,166,166,165
"NER","NE",3667.0,35297.0,35297.0,55707.0,6.934332,16.7867314,1,"","",2004.0,"","",59,0,59,0,59,0,2,10080,0.0,0.0,0.0,0.0,0.0,167,167,165
"NER","NE",3673.0,35326.0,35326.0,55638.0,1.7351,13.6919,3,"","",2004.0,"","",59,0,59,0,59,1,2,10225,0.0,0.0,0.0169491525423728,0.0159897665494083,851.3753534419442,168,168,168
"NER","NE",3670.0,35311.0,35311.0,"",8.064794,14.048394,3,"","mapping",2005.0,7.0,16.0,59,0,59,0,59,0,2,27428,0.0,0.0,0.0,0.0,0.0,169,169,170
"NER","NE",3670.0,35311.0,35311.0,13786.0,8.064794,14.048394,3,"","",2006.0,"","",60,0,60,0,60,0,1,10168,0.0,0.0,0.0,0.0,0.0,170,170,169
"NER","NE",3670.0,35307.0,35307.0,55591.0,6.8179998,15.148,3,"","",2004.0,"","",60,0,60,0,60,0,2,10148,0.0,0.0,0.0,0.0,55417.67515803952,171,171,171
"NER","NE",3673.0,35325.0,35325.0,55613.0,4.2259998,14.545,3,"","",2004.0,"","",62,0,62,0,62,1,2,10211,0.0,0.0,0.0161290322580645,0.0152160681679853,38284.39366435731,172,172,172
"NER","NE",3673.0,35325.0,35325.0,55614.0,3.375,14.527,3,"","",2004.0,"","",60,0,60,0,60,0,2,10215,0.0,0.0,0.0,0.0,31403.89943609393,173,173,173
"NER","NE",3674.0,35331.0,35331.0,"",9.696134,13.4963,3,"","mapping",2014.0,6.0,12.0,50,0,50,0,50,0,1,27551,0.0,0.0,0.0,0.0,0.0,174,174,175
"NER","NE",3674.0,35331.0,35331.0,"",9.696134,13.4963,3,"","sentinel site",2018.0,7.0,11.0,48,0,48,1,48,0,1,27552,0.0,0.0208333333333333,0.0,0.0196540880503144,0.0,175,175,174
"NER","NE",3674.0,35336.0,35336.0,55729.0,9.0240002,13.914,3,"","",2004.0,"","",28,0,28,0,28,0,2,10283,0.0,0.0,0.0,0.0,13664.149470745504,176,176,176
"NER","NE",3672.0,35317.0,35317.0,13729.0,5.6204,14.1247,3,"","",2006.0,"","",60,0,60,0,60,0,1,10182,0.0,0.0,0.0,0.0,1006.287400190098,177,177,177
"NER","NE",3674.0,35335.0,35335.0,"",8.3839998,14.365,3,"","mapping",2005.0,7.0,12.0,28,0,28,0,28,0,2,27602,0.0,0.0,0.0,0.0,0.0,178,178,179
"NER","NE",3674.0,35335.0,35335.0,55697.0,8.3839998,14.365,3,"","",2004.0,"","",60,0,60,1,60,0,2,10275,0.0,0.0166666666666666,0.0,0.0157232704402515,0.0,179,179,178
"NER","NE",3673.0,35327.0,35327.0,13796.0,2.5011,14.27739,3,"","",2006.0,"","",60,0,60,0,60,0,1,10230,0.0,0.0,0.0,0.0,3208.4059290556647,180,180,180
"NER","NE",3668.0,35300.0,35300.0,"",11.9305556,13.7066667,1,"","mapping",2014.0,7.0,14.0,50,0,50,0,50,0,1,27352,0.0,0.0,0.0,0.0,8646.941467276145,181,181,181
"NER","NE",3672.0,35323.0,35323.0,"",5.738235,15.4111648,3,"","sentinel site",2018.0,7.0,11.0,54,0,54,0,54,0,1,27464,0.0,0.0,0.0,0.0,1066.14229336172,182,182,182
"NER","NE",3672.0,35316.0,35316.0,55578.0,5.7286658,15.4107847,1,"","",2006.0,"","",134,0,134,1,134,0,1,10177,0.0,0.0074626865671641,0.0,0.0070402703463813,0.0,183,183,184
"NER","NE",3672.0,35316.0,35316.0,55577.0,5.7286658,15.4107847,1,"","",2004.0,"","",134,0,134,0,134,0,2,10176,0.0,0.0,0.0,0.0,0.0,184,184,183
"NER","NE",3674.0,35332.0,35332.0,55652.0,9.743,12.948,3,"","",2004.0,"","",60,0,60,0,60,0,2,10252,0.0,0.0,0.0,0.0,26232.657547555762,185,185,185
"NER","NE",3669.0,35302.0,35302.0,55601.0,3.5450001,13.292,3,"","",2004.0,"","",40,0,40,0,40,0,2,10119,0.0,0.0,0.0,0.0,21863.800569730098,186,186,186
"NER","NE",3674.0,35334.0,35334.0,13790.0,10.93725,13.75605,4,"","",2006.0,"","",60,0,60,0,60,0,1,10267,0.0,0.0,0.0,0.0,22029.54791301212,187,187,187
"NER","NE",3673.0,35326.0,35326.0,"",1.815749,13.67138,1,"","",1985.0,7.0,13.0,515,20,515,21,515,31,3,28931,0.0388349514563106,0.0407766990291262,0.0601941747572815,0.1259673845929961,3086.022461796696,188,188,188
"NER","NE",3667.0,35295.0,35295.0,55580.0,7.3860002,18.739,3,"","",2004.0,"","",60,0,60,1,60,0,2,10073,0.0,0.0166666666666666,0.0,0.0157232704402515,387.0580196086347,189,189,189
"NER","NE",3667.0,35297.0,35297.0,55708.0,6.9390001,16.785,3,"","",2004.0,"","",60,1,60,0,60,0,2,10088,0.0166666666666666,0.0,0.0,0.0157232704402515,557.2835849287212,190,190,190
"NER","NE",3672.0,35321.0,35321.0,"",6.053,13.741,3,"","mapping",2005.0,10.0,11.0,60,1,60,0,60,0,2,27457,0.0166666666666666,0.0,0.0,0.0157232704402515,0.0,191,191,192
"NER","NE",3672.0,35321.0,35321.0,55645.0,6.053,13.741,3,"","",2004.0,"","",60,4,60,0,60,0,2,10192,0.0666666666666666,0.0,0.0,0.0628930817610062,0.0,192,192,191
"NER","NE",3672.0,35321.0,35321.0,13761.0,6.053,13.741,3,"","",2006.0,"","",60,1,60,0,60,0,1,10193,0.0166666666666666,0.0,0.0,0.0157232704402515,0.0,193,193,191
"NER","NE",3674.0,35335.0,35335.0,55698.0,8.0749998,14.533,3,"","",2004.0,"","",60,3,60,2,60,0,2,10274,0.05,0.0333333333333333,0.0,0.0770440251572327,9881.863464424003,194,194,194
"NER","NE",3674.0,35331.0,35331.0,"",10.115,13.405,3,"","mapping",2005.0,5.0,15.0,60,5,60,2,60,0,2,27553,0.0833333333333333,0.0333333333333333,0.0,0.1074423480083857,0.0,195,195,196
"NER","NE",3674.0,35331.0,35331.0,55629.0,10.115,13.405,3,"","",2004.0,"","",60,0,60,0,60,0,2,10250,0.0,0.0,0.0,0.0,0.0,196,196,195
"NER","NE",3670.0,35311.0,35311.0,55669.0,2.4851463,12.8110646,1,"","",2004.0,"","",60,1,60,1,60,0,2,10163,0.0166666666666666,0.0166666666666666,0.0,0.0311844863731656,3027.368261400047,197,197,197
"NER","NE",3673.0,35328.0,35328.0,"",2.28523,13.31083,3,"","sentinel site",2013.0,8.0,10.0,0,0,84,0,84,0,1,27506,"",0.0,0.0,"",0.0,198,198,199
"NER","NE",3673.0,35328.0,35328.0,"",2.28523,13.31083,3,"","sentinel site",2011.0,7.0,8.0,100,0,100,0,100,0,1,27505,0.0,0.0,0.0,0.0,0.0,199,199,198
"NER","NE",3673.0,35326.0,35326.0,"",0.9234582,14.209133,3,"","sentinel site",2018.0,7.0,11.0,54,0,54,0,54,0,1,27481,0.0,0.0,0.0,0.0,1335.1478198596244,200,200,200
"NER","NE",3673.0,35329.0,35329.0,55717.0,0.930369,14.19963,1,"","",2006.0,"","",149,4,149,8,149,0,1,10238,0.0268456375838926,0.0536912751677852,0.0,0.0746184304123645,0.0,201,201,202
"NER","NE",3673.0,35329.0,35329.0,55716.0,0.930369,14.19963,1,"","",2004.0,"","",149,1,149,0,149,0,2,10239,0.0067114093959731,0.0,0.0,0.0063315182980878,0.0,202,202,201
"NER","NE",3672.0,35319.0,35319.0,13756.0,5.3027,14.5797,3,"","",2006.0,"","",60,1,60,0,60,1,1,10188,0.0166666666666666,0.0,0.0166666666666666,0.0311844863731656,3467.7211480429337,203,203,203
"NER","NE",3673.0,35325.0,35325.0,55615.0,3.869,14.522,3,"","",2004.0,"","",60,0,60,0,60,0,2,10207,0.0,0.0,0.0,0.0,1709.3371212285601,204,204,204
"NER","NE",3667.0,35297.0,35297.0,55709.0,8.0249996,16.875999,3,"","",2004.0,"","",60,0,60,0,60,0,2,10093,0.0,0.0,0.0,0.0,12199.147786806703,205,205,205
"NER","NE",3673.0,35325.0,35325.0,"",2.5697,13.8165,3,"","mapping",2005.0,10.0,12.0,60,0,60,0,60,0,2,27470,0.0,0.0,0.0,0.0,0.0,206,206,207
"NER","NE",3673.0,35325.0,35325.0,13746.0,2.5697,13.8165,3,"","",2006.0,"","",60,0,60,0,60,0,1,10212,0.0,0.0,0.0,0.0,0.0,207,207,206
"NER","NE",3669.0,35304.0,35304.0,55621.0,3.4319999,12.334,3,"","",2004.0,"","",60,0,60,0,60,0,2,10133,0.0,0.0,0.0,0.0,18449.211043142204,208,208,208
"NER","NE",3670.0,35311.0,35311.0,55670.0,7.6110001,14.155,3,"","",2004.0,"","",59,0,59,0,59,0,2,10169,0.0,0.0,0.0,0.0,22870.101322278657,209,209,209
"NER","NE",3670.0,35308.0,35308.0,55632.0,7.256,13.608,3,"","",2004.0,"","",60,0,60,0,60,0,2,10154,0.0,0.0,0.0,0.0,6811.637498837686,210,210,210
"NER","NE",3673.0,35326.0,35326.0,"",2.210441,13.39345,3,"","sentinel site",2018.0,7.0,11.0,54,0,54,0,54,0,1,27482,0.0,0.0,0.0,0.0,2920.8884733355108,211,211,211
"NER","NE",3671.0,35315.0,35315.0,"",2.0545641,13.5067403,3,"","sentinel site",2018.0,7.0,11.0,54,0,54,0,54,0,1,27445,0.0,0.0,0.0,0.0,6520.9266047446845,212,212,212
"NER","NE",3670.0,35307.0,35307.0,55592.0,7.3930001,15.285,3,"","",2004.0,"","",29,0,29,0,29,0,2,10150,0.0,0.0,0.0,0.0,41051.70449914809,213,213,213
"NER","NE",3673.0,35326.0,35326.0,"",1.74273,13.69241,3,"","sentinel site",2013.0,8.0,10.0,0,0,88,0,88,0,1,27484,"",0.0,0.0,"",0.0,214,214,215
"NER","NE",3673.0,35326.0,35326.0,"",1.74273,13.69241,3,"","sentinel site",2011.0,7.0,8.0,97,0,97,0,97,0,1,27483,0.0,0.0,0.0,0.0,0.0,215,215,214
"NER","NE",3669.0,35304.0,35304.0,"",3.583333,12.4,1,"","mapping",2012.0,8.0,14.0,50,0,50,0,50,0,1,27389,0.0,0.0,0.0,0.0,18449.211043142204,216,216,216
"NER","NE",3667.0,35297.0,35297.0,55710.0,7.1009998,16.139,3,"","",2004.0,"","",60,0,60,0,60,1,2,10091,0.0,0.0,0.0166666666666666,0.0157232704402515,7061.122555463523,217,217,217
"NER","NE",3667.0,35297.0,35297.0,55711.0,7.895,15.62,3,"","",2004.0,"","",59,1,59,0,59,0,2,10081,0.0169491525423728,0.0,0.0,0.0159897665494083,424.56784117521653,218,218,218
"NER","NE",3670.0,35311.0,35311.0,"",7.89422,14.4164,3,"","mapping",2005.0,6.0,16.0,60,0,60,0,60,1,2,27429,0.0,0.0,0.0166666666666666,0.0157232704402515,0.0,219,219,220
"NER","NE",3670.0,35311.0,35311.0,13787.0,7.89422,14.4164,3,"","",2006.0,"","",60,0,60,0,60,0,1,10165,0.0,0.0,0.0,0.0,0.0,220,220,219
"NER","NE",3669.0,35303.0,35303.0,55605.0,3.734,13.24,3,"","",2004.0,"","",58,0,58,0,58,0,2,10125,0.0,0.0,0.0,0.0,765.9922416235966,221,221,221
"NER","NE",3674.0,35332.0,35332.0,55653.0,9.5129995,12.898,3,"","",2004.0,"","",34,0,34,2,34,6,2,10259,0.0,0.0588235294117647,0.1764705882352941,0.212182542273291,372.73433671066215,222,222,222
"NER","NE",3670.0,35312.0,35312.0,"",8.3133321,13.7864621,3,"","sentinel site",2018.0,7.0,11.0,54,0,54,1,54,0,1,27436,0.0,0.0185185185185185,0.0,0.0174703004891684,16156.456920565179,223,223,223
"NER","NE",3670.0,35312.0,35312.0,"",8.1363305,13.7406506,3,"","sentinel site",2018.0,7.0,11.0,54,0,54,3,54,1,1,27437,0.0,0.0555555555555555,0.0185185185185185,0.0689106297072754,7068.944153477125,224,224,224
"NER","NE",3673.0,35325.0,35325.0,"",2.8952653,13.94758,3,"","sentinel site",2018.0,7.0,11.0,54,0,54,0,54,0,1,27472,0.0,0.0,0.0,0.0,3863.7318649259246,225,225,225
"NER","NE",3671.0,35313.0,35313.0,"",2.10958,13.5263,3,"","sentinel site",2018.0,7.0,11.0,54,0,54,0,54,0,1,27442,0.0,0.0,0.0,0.0,1137.019019923556,226,226,226
"NER","NE",3668.0,35298.0,35298.0,55597.0,12.833,13.485,3,"","",2004.0,"","",60,1,60,0,60,0,2,10098,0.0166666666666666,0.0,0.0,0.0157232704402515,7519.842809760931,227,227,227
"NER","NE",3668.0,35298.0,35298.0,55598.0,12.767,13.471,3,"","",2004.0,"","",60,0,60,0,60,0,2,10099,0.0,0.0,0.0,0.0,7519.842809760931,228,228,228
"NER","NE",3673.0,35325.0,35325.0,"",2.9720834,14.08677,3,"","mapping",2005.0,10.0,12.0,60,1,60,0,60,0,2,27474,0.0166666666666666,0.0,0.0,0.0157232704402515,0.0,229,229,230
"NER","NE",3673.0,35325.0,35325.0,"",2.9720834,14.08677,3,"","sentinel site",2018.0,7.0,11.0,54,0,54,0,54,0,1,27473,0.0,0.0,0.0,0.0,0.0,230,230,229
"NER","NE",3673.0,35325.0,35325.0,13747.0,2.9720834,14.08677,3,"","",2006.0,"","",60,0,60,1,60,0,1,10206,0.0,0.0166666666666666,0.0,0.0157232704402515,0.0,231,231,229
"NER","NE",3673.0,35328.0,35328.0,"",1.639457,12.7479844,3,"","sentinel site",2018.0,7.0,11.0,54,0,54,1,54,0,1,27507,0.0,0.0185185185185185,0.0,0.0174703004891684,90268.47731808506,232,232,232
"NER","NE",3672.0,35317.0,35317.0,"",5.4467154,13.8974435,1,"","sentinel site",2018.0,8.0,11.0,54,0,54,0,54,0,1,27448,0.0,0.0,0.0,0.0,0.0,233,233,234
"NER","NE",3672.0,35317.0,35317.0,55585.0,5.4467154,13.8974435,1,"","",2006.0,"","",98,0,98,0,98,0,1,10181,0.0,0.0,0.0,0.0,0.0,234,234,233
"NER","NE",3672.0,35317.0,35317.0,55584.0,5.4467154,13.8974435,1,"","",2004.0,"","",98,0,98,0,98,0,2,10178,0.0,0.0,0.0,0.0,0.0,235,235,233
"NER","NE",3673.0,35326.0,35326.0,55640.0,2.4583001,12.8153,3,"","",2004.0,"","",60,3,60,3,60,0,2,10224,0.05,0.05,0.0,0.0919811320754716,3027.368261400047,236,236,236
"NER","NE",3668.0,35299.0,35299.0,13780.0,11.74056,13.64806,3,"","",2006.0,"","",60,3,60,3,60,0,1,10112,0.05,0.05,0.0,0.0919811320754716,15195.136068758391,237,237,237
"NER","NE",3668.0,35300.0,35300.0,"",13.1134915,14.2553505,1,"","mapping",2014.0,7.0,14.0,50,0,50,0,50,0,1,27355,0.0,0.0,0.0,0.0,67769.92700436662,238,238,238
"NER","NE",3672.0,35321.0,35321.0,55646.0,6.217,14.167,3,"","",2004.0,"","",60,2,60,1,60,0,2,10191,0.0333333333333333,0.0166666666666666,0.0,0.0466457023060796,39583.346758073734,239,239,239
"NER","NE",3669.0,35303.0,35303.0,"",3.9221,13.8767,3,"","mapping",2005.0,7.0,13.0,60,1,60,1,60,0,2,27360,0.0166666666666666,0.0166666666666666,0.0,0.0311844863731656,0.0,240,240,241
"NER","NE",3669.0,35303.0,35303.0,13739.0,3.9221,13.8767,3,"","",2006.0,"","",60,0,60,0,60,0,1,10124,0.0,0.0,0.0,0.0,0.0,241,241,240
"NER","NE",3670.0,35311.0,35311.0,55671.0,7.8600001,14.317,3,"","",2004.0,"","",60,0,60,0,60,0,2,10164,0.0,0.0,0.0,0.0,11778.318359065097,242,242,242
"NER","NE",3673.0,35330.0,35330.0,"",1.2570764,14.34943,3,"","sentinel site",2018.0,7.0,11.0,54,0,54,0,54,0,1,27523,0.0,0.0,0.0,0.0,25251.1194968602,243,243,243
"NER","NE",3673.0,35330.0,35330.0,"",1.71249,13.68868,3,"","mapping",2009.0,7.0,15.0,90,0,90,8,90,0,1,27524,0.0,0.0888888888888888,0.0,0.0838574423480083,1247.1669495315205,244,244,244
"NER","NE",3673.0,35326.0,35326.0,"",1.711892,13.67781,1,"","sentinel site",2013.0,8.0,10.0,0,0,91,0,91,0,1,27486,"",0.0,0.0,"",0.0,245,245,246
"NER","NE",3673.0,35326.0,35326.0,"",1.711892,13.67781,1,"","sentinel site",2011.0,7.0,8.0,100,0,100,0,100,0,1,27485,0.0,0.0,0.0,0.0,0.0,246,246,245
"NER","NE",3669.0,35303.0,35303.0,55606.0,4.5689998,13.769,3,"","",2004.0,"","",60,0,60,0,60,0,2,10123,0.0,0.0,0.0,0.0,372.78757755796323,247,247,247
"NER","NE",3673.0,35326.0,35326.0,"",2.2317161,13.37851,3,"","sentinel site",2018.0,7.0,11.0,54,0,54,0,54,0,1,27487,0.0,0.0,0.0,0.0,2778.3735558426074,248,248,248
"NER","NE",3673.0,35327.0,35327.0,55684.0,2.0880001,14.317,3,"","",2004.0,"","",45,0,45,0,45,0,2,10237,0.0,0.0,0.0,0.0,362.1928138275054,249,249,249
"NER","NE",3673.0,35330.0,35330.0,55723.0,1.4464999,14.2285,3,"","",2004.0,"","",42,0,42,0,42,0,2,10245,0.0,0.0,0.0,0.0,6612.240913317311,250,250,250
"NER","NE",3667.0,35295.0,35295.0,55581.0,8.7679996,18.112,3,"","",2004.0,"","",51,0,51,0,51,0,2,10076,0.0,0.0,0.0,0.0,14088.963303958992,251,251,251
"NER","NE",3673.0,35330.0,35330.0,"",1.78803,13.67179,3,"","mapping",2009.0,5.0,14.0,86,0,86,0,86,0,1,27525,0.0,0.0,0.0,0.0,3086.022461796696,252,252,252
"NER","NE",3673.0,35330.0,35330.0,55724.0,1.0806,14.5528,3,"","",2004.0,"","",60,0,60,1,60,0,2,10241,0.0,0.0166666666666666,0.0,0.0157232704402515,3031.8240197593636,253,253,253
"NER","NE",3672.0,35317.0,35317.0,"",5.1081365,13.83256,3,"","sentinel site",2018.0,7.0,11.0,54,0,54,0,54,0,1,27450,0.0,0.0,0.0,0.0,0.0,254,254,255
"NER","NE",3672.0,35317.0,35317.0,55587.0,5.1081365,13.83256,3,"","",2006.0,"","",158,2,158,0,158,0,1,10180,0.0126582278481012,0.0,0.0,0.0119417243850011,0.0,255,255,254
"NER","NE",3672.0,35317.0,35317.0,55586.0,5.1081365,13.83256,3,"","",2004.0,"","",158,0,158,0,158,0,2,10183,0.0,0.0,0.0,0.0,0.0,256,256,254
"NER","NE",3670.0,35309.0,35309.0,"",7.1888653,13.24372,3,"","sentinel site",2018.0,7.0,11.0,54,0,54,2,54,0,1,27423,0.0,0.037037037037037,0.0,0.0349406009783368,28465.56002337398,257,257,257
"NER","NE",3674.0,35332.0,35332.0,55654.0,8.3850002,13.16,3,"","",2004.0,"","",60,0,60,1,60,0,2,10260,0.0,0.0166666666666666,0.0,0.0157232704402515,22174.977344776304,258,258,258
"NER","NE",3672.0,35324.0,35324.0,"",5.3278,14.7131,3,"","mapping",2005.0,0.0,12.0,60,1,60,1,60,0,2,27461,0.0166666666666666,0.0166666666666666,0.0,0.0311844863731656,265.8978694847728,259,259,259
"NER","NE",3672.0,35324.0,35324.0,55692.0,5.2579968,14.8904575,1,"","",2004.0,"","",60,1,60,0,60,0,2,10195,0.0166666666666666,0.0,0.0,0.0157232704402515,21841.334891545102,260,260,260
"NER","NE",3670.0,35312.0,35312.0,55720.0,8.0959997,13.693,3,"","",2004.0,"","",60,1,60,0,60,0,2,10171,0.0166666666666666,0.0,0.0,0.0157232704402515,7068.944153477125,261,261,261
"NER","NE",3673.0,35327.0,35327.0,"",1.9780556,15.0675,1,"","mapping",2005.0,8.0,15.0,60,0,60,0,60,0,2,27497,0.0,0.0,0.0,0.0,0.0,262,262,263
"NER","NE",3673.0,35327.0,35327.0,13797.0,1.9780556,15.0675,1,"","",2006.0,"","",60,0,60,0,60,0,1,10232,0.0,0.0,0.0,0.0,0.0,263,263,262
"NER","NE",3669.0,35304.0,35304.0,"",3.5904451,11.88383,3,"","mapping",2012.0,7.0,12.0,50,0,50,0,50,0,1,27396,0.0,0.0,0.0,0.0,0.0,264,264,267
"NER","NE",3667.0,35297.0,35297.0,55712.0,7.8610001,15.666,3,"","",2004.0,"","",60,0,60,0,60,0,2,10083,0.0,0.0,0.0,0.0,6331.934012438892,265,265,265
"NER","NE",3674.0,35335.0,35335.0,"",8.7426101,14.640024,1,"","mapping",2014.0,7.0,12.0,50,0,50,0,50,0,1,27607,0.0,0.0,0.0,0.0,11280.15621935806,266,266,266
"NER","NE",3669.0,35304.0,35304.0,"",3.5904451,11.88383,3,"","sentinel site",2018.0,7.0,11.0,54,0,54,0,54,1,1,27398,0.0,0.0,0.0185185185185185,0.0174703004891684,0.0,267,267,264
"NER","NE",3674.0,35334.0,35334.0,"",9.1163032,14.1286907,3,"","sentinel site",2018.0,7.0,11.0,54,0,54,0,54,0,1,27594,0.0,0.0,0.0,0.0,16268.31436906176,268,268,268
"NER","NE",3669.0,35304.0,35304.0,55622.0,3.58955,11.878633,3,"","",2004.0,"","",226,47,226,0,226,0,2,10131,0.2079646017699115,0.0,0.0,0.1961930205376523,0.0,269,269,270
"NER","NE",3669.0,35304.0,35304.0,55623.0,3.58955,11.878633,3,"","",2006.0,"","",226,4,226,0,226,0,1,10128,0.0176991150442477,0.0,0.0,0.0166972783436299,0.0,270,270,269
"NER","NE",3670.0,35308.0,35308.0,"",7.361695,13.577221,3,"","mapping",2005.0,7.0,16.0,60,0,60,0,60,0,2,27418,0.0,0.0,0.0,0.0,0.0,271,271,272
"NER","NE",3670.0,35308.0,35308.0,13754.0,7.361695,13.577221,3,"","",2006.0,"","",60,0,60,0,60,0,1,10155,0.0,0.0,0.0,0.0,0.0,272,272,271
"NER","NE",3667.0,35295.0,35295.0,55582.0,8.4189997,19.073,3,"","",2004.0,"","",60,0,60,0,60,0,2,10075,0.0,0.0,0.0,0.0,1414.7836118521723,273,273,273
"NER","NE",3668.0,35298.0,35298.0,55599.0,13.079,13.533,3,"","",2004.0,"","",60,0,60,0,60,0,2,10100,0.0,0.0,0.0,0.0,12863.545760424591,274,274,274
"NER","NE",3673.0,35326.0,35326.0,55641.0,1.9607,13.584717,3,"","",2004.0,"","",129,0,129,0,129,1,2,10222,0.0,0.0,0.0077519379844961,0.0073131490419774,0.0,275,275,276
"NER","NE",3673.0,35326.0,35326.0,55642.0,1.9607,13.584717,3,"","",2006.0,"","",129,0,129,0,129,0,1,10221,0.0,0.0,0.0,0.0,0.0,276,276,275
"NER","NE",3673.0,35326.0,35326.0,"",1.963879,13.5833,3,"","sentinel site",2018.0,7.0,11.0,54,0,54,0,54,0,1,27489,0.0,0.0,0.0,0.0,309.3568649144727,277,277,277
"NER","NE",3672.0,35318.0,35318.0,55588.0,6.2010002,14.666,3,"","",2004.0,"","",60,0,60,0,60,0,2,10185,0.0,0.0,0.0,0.0,135.23197390188105,278,278,278
"NER","NE",3670.0,35306.0,35306.0,"",7.81298,13.34389,3,"","mapping",2005.0,9.0,14.0,60,0,60,0,60,0,2,27413,0.0,0.0,0.0,0.0,0.0,279,279,280
"NER","NE",3670.0,35306.0,35306.0,13724.0,7.81298,13.34389,3,"","",2006.0,"","",60,0,60,0,60,0,1,10140,0.0,0.0,0.0,0.0,0.0,280,280,279
"NER","NE",3673.0,35330.0,35330.0,"",0.976496,14.633652,1,"","mapping",2009.0,7.0,16.0,87,0,87,0,87,0,1,27528,0.0,0.0,0.0,0.0,0.0,281,281,282
"NER","NE",3673.0,35330.0,35330.0,"",0.976496,14.633652,1,"","sentinel site",2018.0,7.0,11.0,54,0,54,0,54,0,1,27526,0.0,0.0,0.0,0.0,0.0,282,282,281
"NER","NE",3673.0,35330.0,35330.0,55725.0,0.976496,14.633652,1,"","",2004.0,"","",141,0,141,4,141,0,2,10240,0.0,0.0283687943262411,0.0,0.0267630135153218,0.0,283,283,281
"NER","NE",3673.0,35330.0,35330.0,55726.0,0.976496,14.633652,1,"","",2006.0,"","",141,3,141,1,141,0,1,10242,0.0212765957446808,0.0070921985815602,0.0,0.026620657060453,0.0,284,284,281
"NER","NE",3667.0,35297.0,35297.0,55713.0,8.493,16.983999,3,"","",2004.0,"","",60,0,60,0,60,0,2,10078,0.0,0.0,0.0,0.0,53591.8810129082,285,285,285
"NER","NE",3669.0,35303.0,35303.0,55607.0,4.448,14.05,3,"","",2004.0,"","",35,0,35,0,35,0,2,10126,0.0,0.0,0.0,0.0,34927.525212738285,286,286,286
"NER","NE",3669.0,35305.0,35305.0,13760.0,3.6254,13.0978,3,"","",2006.0,"","",60,0,60,0,60,0,1,10136,0.0,0.0,0.0,0.0,1773.039753960077,287,287,287
"NER","NE",3673.0,35328.0,35328.0,"",2.3640875,13.1027156,2,"","sentinel site",2013.0,9.0,11.0,0,0,84,0,84,0,1,27509,"",0.0,0.0,"",0.0,288,288,289
"NER","NE",3673.0,35328.0,35328.0,"",2.3640875,13.1027156,2,"","sentinel site",2011.0,7.0,8.0,100,0,100,0,100,0,1,27508,0.0,0.0,0.0,0.0,0.0,289,289,288
"NER","NE",3672.0,35316.0,35316.0,"",5.660231,15.0997134,3,"","sentinel site",2018.0,7.0,11.0,54,0,54,0,54,0,1,27447,0.0,0.0,0.0,0.0,36692.65377599708,290,290,290
"NER","NE",3672.0,35320.0,35320.0,55635.0,6.2853999,15.4642939,2,"","",2006.0,"","",105,0,105,0,105,0,1,10189,0.0,0.0,0.0,0.0,0.0,291,291,292
"NER","NE",3672.0,35320.0,35320.0,55634.0,6.2853999,15.4642939,2,"","",2004.0,"","",105,0,105,0,105,0,2,10190,0.0,0.0,0.0,0.0,0.0,292,292,291
"NER","NE",3669.0,35302.0,35302.0,55602.0,3.052,13.08,3,"","",2004.0,"","",60,0,60,0,60,0,2,10118,0.0,0.0,0.0,0.0,59994.928583566885,293,293,293
"NER","NE",3667.0,35297.0,35297.0,"",7.83389,17.4925,3,"","mapping",2005.0,10.0,12.0,35,0,35,0,35,0,2,27292,0.0,0.0,0.0,0.0,0.0,294,294,295
"NER","NE",3667.0,35297.0,35297.0,13819.0,7.83389,17.4925,3,"","",2006.0,"","",35,0,35,0,35,0,1,10094,0.0,0.0,0.0,0.0,0.0,295,295,294
"NER","NE",3673.0,35326.0,35326.0,"",1.8779,13.6405,3,"","sentinel site",2013.0,9.0,11.0,0,0,86,0,86,0,1,27491,"",0.0,0.0,"",0.0,296,296,297
"NER","NE",3673.0,35326.0,35326.0,"",1.8779,13.6405,3,"","sentinel site",2011.0,7.0,9.0,99,0,99,0,99,0,1,27490,0.0,0.0,0.0,0.0,0.0,297,297,296
"NER","NE",3670.0,35307.0,35307.0,55593.0,7.3,13.566667,1,"","",2004.0,"","",41,0,41,0,41,0,2,10143,0.0,0.0,0.0,0.0,6811.637498837686,298,298,298
"NER","NE",3674.0,35335.0,35335.0,"",8.533333,14.883333,1,"","mapping",2005.0,7.0,25.0,41,0,41,0,41,0,2,27608,0.0,0.0,0.0,0.0,0.0,299,299,300
"NER","NE",3674.0,35335.0,35335.0,55699.0,8.533333,14.883333,1,"","",2004.0,"","",60,0,60,0,60,0,2,10276,0.0,0.0,0.0,0.0,0.0,300,300,299
"NER","NE",3669.0,35305.0,35305.0,55644.0,3.747,13.684,3,"","",2004.0,"","",60,0,60,0,60,0,2,10135,0.0,0.0,0.0,0.0,215.70102682710154,301,301,301
"NER","NE",3670.0,35311.0,35311.0,"",7.816141,14.144154,3,"","sentinel site",2018.0,7.0,11.0,54,0,54,3,54,0,1,27430,0.0,0.0555555555555555,0.0,0.0524109014675052,10218.303805520907,302,302,302
"NER","NE",3674.0,35334.0,35334.0,55677.0,9.1210003,13.987,3,"","",2004.0,"","",60,0,60,0,60,0,2,10268,0.0,0.0,0.0,0.0,13664.149470745504,303,303,303
"NER","NE",3672.0,35324.0,35324.0,13802.0,4.94726,14.92474,3,"","",2006.0,"","",60,0,60,0,60,0,1,10202,0.0,0.0,0.0,0.0,18766.938196994,304,304,304
"NER","NE",3669.0,35304.0,35304.0,55624.0,3.6231,11.7968,3,"","",2004.0,"","",27,0,27,0,27,0,2,10129,0.0,0.0,0.0,0.0,10023.353532043935,305,305,305
"NER","NE",3667.0,35297.0,35297.0,"",8.05031,17.74079,3,"","mapping",2005.0,8.0,13.0,60,0,60,0,60,0,2,27293,0.0,0.0,0.0,0.0,0.0,306,306,307
"NER","NE",3667.0,35297.0,35297.0,13820.0,8.05031,17.74079,3,"","",2006.0,"","",60,0,60,1,60,0,1,10095,0.0,0.0166666666666666,0.0,0.0157232704402515,0.0,307,307,306
"NER","NE",3674.0,35332.0,35332.0,55655.0,9.3909998,12.87,3,"","",2004.0,"","",45,0,45,0,45,0,2,10255,0.0,0.0,0.0,0.0,13590.140195148644,308,308,308
"NER","NE",3673.0,35325.0,35325.0,"",3.883333,14.516667,1,"","mapping",2005.0,10.0,15.0,27,0,27,0,27,0,2,27475,0.0,0.0,0.0,0.0,0.0,309,309,310
"NER","NE",3673.0,35325.0,35325.0,13748.0,3.883333,14.516667,1,"","",2006.0,"","",27,0,27,0,27,0,1,10214,0.0,0.0,0.0,0.0,0.0,310,310,309
"NER","NE",3669.0,35304.0,35304.0,"",3.3111949,11.9923877,1,"","mapping",2012.0,7.0,12.0,50,0,50,0,50,0,1,27405,0.0,0.0,0.0,0.0,10898.581800644713,311,311,311
"NER","NE",3669.0,35304.0,35304.0,"",3.3351139,11.8995069,1,"","mapping",2012.0,7.0,12.0,50,0,50,0,50,0,1,27406,0.0,0.0,0.0,0.0,10898.581800644713,312,312,312
"NER","NE",3667.0,35297.0,35297.0,55714.0,7.986535,16.9741689,1,"","",2004.0,"","",60,0,60,0,60,0,2,10077,0.0,0.0,0.0,0.0,0.0,313,313,28
"NER","NE",3672.0,35319.0,35319.0,55633.0,4.6459999,14.298,3,"","",2004.0,"","",60,0,60,0,60,1,2,10186,0.0,0.0,0.0166666666666666,0.0157232704402515,4665.9448251773065,314,314,314
"NER","NE",3673.0,35329.0,35329.0,"",1.379381,13.53294,3,"","sentinel site",2018.0,8.0,11.0,41,0,41,2,41,1,1,27512,0.0,0.048780487804878,0.024390243902439,0.0679065695396944,35286.27137494791,315,315,315
"NER","NE",3670.0,35311.0,35311.0,55672.0,7.8899999,14.197,3,"","",2004.0,"","",60,1,60,0,60,0,2,10162,0.0166666666666666,0.0,0.0,0.0157232704402515,10218.303805520907,316,316,316
"NER","NE",3667.0,35297.0,35297.0,"",7.8313562,17.264662,1,"","mapping",2013.0,7.0,14.0,50,0,50,0,50,0,1,27294,0.0,0.0,0.0,0.0,20048.347010819056,317,317,317
"NER","NE",3670.0,35312.0,35312.0,"",8.1745475,13.8277,3,"","sentinel site",2010.0,7.0,13.0,262,0,262,0,262,0,1,27440,0.0,0.0,0.0,0.0,0.0,318,318,319
"NER","NE",3670.0,35312.0,35312.0,"",8.1745475,13.8277,3,"","sentinel site",2009.0,8.0,12.0,182,0,182,0,182,0,1,27439,0.0,0.0,0.0,0.0,0.0,319,319,318
"NER","NE",3670.0,35312.0,35312.0,"",8.1745475,13.8277,3,"","sentinel site",2008.0,7.0,11.0,182,0,182,0,182,0,1,27438,0.0,0.0,0.0,0.0,0.0,320,320,318
"NER","NE",3668.0,35299.0,35299.0,55664.0,11.436,13.384,3,"","",2004.0,"","",58,5,58,0,58,0,2,10110,0.0862068965517241,0.0,0.0,0.0813272608978529,6987.868257216122,321,321,321
"NER","NE",3674.0,35335.0,35335.0,55700.0,8.7010002,14.473,3,"","",2004.0,"","",29,0,29,0,29,0,2,10273,0.0,0.0,0.0,0.0,19760.222619161705,322,322,322
"NER","NE",3667.0,35295.0,35295.0,"",8.656116,18.0557589,1,"","mapping",2005.0,6.0,15.0,58,5,58,0,58,0,2,27276,0.0862068965517241,0.0,0.0,0.0813272608978529,0.0,323,323,324
"NER","NE",3667.0,35295.0,35295.0,"",8.656116,18.0557589,1,"","mapping",2014.0,7.0,15.0,50,0,50,0,50,0,1,27277,0.0,0.0,0.0,0.0,0.0,324,324,323
"NER","NE",3667.0,35295.0,35295.0,13728.0,8.656116,18.0557589,1,"","",2006.0,"","",60,0,60,0,60,0,1,10071,0.0,0.0,0.0,0.0,0.0,325,325,323
"NER","NE",3668.0,35299.0,35299.0,55665.0,11.387,13.424,3,"","",2004.0,"","",60,0,60,0,60,0,2,10107,0.0,0.0,0.0,0.0,253.98586280755066,326,326,326
"NER","NE",3674.0,35335.0,35335.0,55701.0,8.1540003,14.674,3,"","",2004.0,"","",60,0,60,0,60,0,2,10277,0.0,0.0,0.0,0.0,1162.689796910575,327,327,327
"NER","NE",3673.0,35325.0,35325.0,55616.0,3.9030001,14.896,3,"","",2004.0,"","",60,0,60,0,60,0,2,10209,0.0,0.0,0.0,0.0,2107.9701323142313,328,328,328
"NER","NE",3674.0,35332.0,35332.0,55656.0,9.4820004,13.034,3,"","",2004.0,"","",60,0,60,0,60,0,2,10253,0.0,0.0,0.0,0.0,1441.8605978926203,329,329,329
"NER","NE",3670.0,35307.0,35307.0,"",6.69386,14.05306,3,"","mapping",2005.0,7.0,14.0,60,0,60,0,60,0,2,27414,0.0,0.0,0.0,0.0,0.0,330,330,331
"NER","NE",3670.0,35307.0,35307.0,13735.0,6.69386,14.05306,3,"","",2006.0,"","",60,0,60,0,60,0,1,10142,0.0,0.0,0.0,0.0,0.0,331,331,330
"NER","NE",3670.0,35309.0,35309.0,55649.0,6.9749999,13.026,3,"","",2004.0,"","",60,0,60,0,60,0,2,10160,0.0,0.0,0.0,0.0,542.0905043767123,332,332,332
"NER","NE",3673.0,35325.0,35325.0,55617.0,2.826,14.326,3,"","",2004.0,"","",46,0,46,0,46,0,2,10210,0.0,0.0,0.0,0.0,45.475531935764735,333,333,333
"NER","NE",3673.0,35327.0,35327.0,55685.0,2.089,14.32,3,"","",2004.0,"","",56,0,56,0,56,0,2,10228,0.0,0.0,0.0,0.0,362.1928138275054,334,334,334
"NER","NE",3673.0,35330.0,35330.0,55727.0,1.0972,14.5319,3,"","",2004.0,"","",33,1,33,0,33,0,2,10244,0.0303030303030303,0.0,0.0,0.028587764436821,3031.8240197593636,335,335,335
"NER","NE",3674.0,35335.0,35335.0,"",8.134315,14.596922,3,"","mapping",2005.0,7.0,14.0,56,0,56,0,56,0,2,27610,0.0,0.0,0.0,0.0,0.0,336,336,337
"NER","NE",3674.0,35335.0,35335.0,13808.0,8.134315,14.596922,3,"","",2006.0,"","",57,0,57,0,57,0,1,10279,0.0,0.0,0.0,0.0,0.0,337,337,336
"NER","NE",3667.0,35297.0,35297.0,55715.0,8.2770004,17.737,3,"","",2004.0,"","",60,0,60,0,60,0,2,10085,0.0,0.0,0.0,0.0,367.3697311953599,338,338,338
"NER","NE",3673.0,35325.0,35325.0,13749.0,3.916667,14.883333,1,"","",2006.0,"","",35,1,35,0,35,0,1,19727,0.0285714285714285,0.0,0.0,0.0269541778975741,2107.9701323142313,339,339,339
"NER","NE",3673.0,35325.0,35325.0,"",2.826254,14.32569,1,"","mapping",2005.0,7.0,13.0,60,0,60,0,60,0,2,27478,0.0,0.0,0.0,0.0,0.0,340,340,341
"NER","NE",3673.0,35325.0,35325.0,13750.0,2.826254,14.32569,1,"","",2006.0,"","",60,0,60,0,60,0,1,10216,0.0,0.0,0.0,0.0,0.0,341,341,340
"NER","NE",3670.0,35307.0,35307.0,55594.0,6.7909999,14.405,3,"","",2004.0,"","",60,0,60,0,60,0,2,10151,0.0,0.0,0.0,0.0,1154.9926549591432,342,342,342
