iso3,iso2,admin1_id,admin2_id,iu_id,location,site_id,longitude,latitude,georeliability,location_type,survey_type,year,age_start,age_end,hk_examined,hk_positive,hk_perc_highinfection,hk_perc_moderateinfection,asc_examined,asc_positive,asc_perc_highinfection,asc_perc_moderateinfection,tt_examined,tt_positive,tt_perc_highinfection,tt_perc_moderateinfection,quality,sn,geometry,shortest,id,src,dst
ZWE,ZW,5549.0,52902.0,52902.0,aisleby,18052.0,28.5823513,-20.0661435,1,,,2010.0,,,0,0,,,0,0,,,0,0,,,1,18375,POINT (3181772.792390461 -2280868.180929952),1629.697644530502,0,0,0
ZWE,ZW,5549.0,52902.0,52902.0,baines infant,18053.0,28.5832632,-20.1338602,1,,,2010.0,,,0,0,,,0,0,,,0,0,,,1,18367,POINT (3181874.304634115 -2288895.265741408),5045.549020743963,1,1,1
ZWE,ZW,5551.0,52907.0,52907.0,bandanyenje,18197.0,31.9627778,-18.8630556,1,,,2010.0,,,0,0,,,0,0,,,0,0,,,1,18409,POINT (3558080.149034549 -2138819.546614473),15362.277393444476,2,2,2
ZWE,ZW,5550.0,52903.0,52903.0,batanai,18136.0,31.0171812,-17.8852773,1,,,2010.0,,,0,0,,,0,0,,,0,0,,,1,18378,POINT (3452816.817026698 -2024124.811882706),3618.356274577675,3,3,3
ZWE,ZW,5553.0,52926.0,52926.0,beatrice township,18274.0,30.8527655,-18.251033,1,,,2010.0,,,0,0,,,0,0,,,0,0,,,1,18434,POINT (3434514.145024279 -2066952.544092685),29377.044463044265,4,4,4
ZWE,ZW,5552.0,52916.0,52916.0,bemberi,18231.0,31.36847,-16.7639,3,,,2010.0,,,0,0,,,0,0,,,0,0,,,1,18420,POINT (3491922.107364079 -1893358.833615118),16301.327335285363,5,5,5
ZWE,ZW,5556.0,52946.0,52946.0,bidi,18219.0,28.33297,-21.202,3,,,2010.0,,,0,0,,,0,0,,,0,0,,,1,18467,POINT (3154011.793061096 -2415981.292804563),24903.55927761981,6,6,6
ZWE,ZW,5554.0,52930.0,52930.0,bumbe,18180.0,30.415,-18.5841667,1,,,2010.0,,,0,0,,,0,0,,,0,0,,,1,18440,POINT (3385782.312477415 -2106038.924995167),14462.12695931123,7,7,7
ZWE,ZW,5551.0,52908.0,52908.0,burma valley,,32.783298,-19.1833,3,,,1982.0,16.0,99.0,200,177,,,200,87,,,200,27,,,3,29418,POINT (3649420.039884144 -2176528.451695765),9478.860541652391,8,8,8
ZWE,ZW,5556.0,52941.0,52941.0,chaswingo,18031.0,30.0647222,-19.9586111,1,,,2010.0,,,0,0,,,0,0,,,0,0,,,1,20163,POINT (3346789.566145227 -2268128.487631693),24726.65915094831,9,9,9
ZWE,ZW,5555.0,52934.0,52934.0,chedutu,18034.0,31.2944444,-20.6088889,1,,,2010.0,,,0,0,,,0,0,,,0,0,,,1,20138,POINT (3483681.615266412 -2345303.4011345),37093.09331102119,10,10,10
ZWE,ZW,5555.0,52939.0,52939.0,chesvingo,18256.0,31.4727778,-19.5486111,1,,,2010.0,,,0,0,,,0,0,,,0,0,,,1,20157,POINT (3503533.598545845 -2219633.683381753),3423.261740778736,11,11,11
ZWE,ZW,5552.0,52918.0,52918.0,chihuri,18278.0,31.42212,-16.89432,3,,,2010.0,,,0,0,,,0,0,,,0,0,,,1,18423,POINT (3497894.398045137 -1908526.727895903),16301.327335285363,12,12,12
ZWE,ZW,5550.0,52903.0,52903.0,chinamano,18137.0,31.0497152,-17.8173117,2,,,2010.0,,,0,0,,,0,0,,,0,0,,,1,18387,POINT (3456438.485340167 -2016176.233731968),1208.276676231952,13,13,13
ZWE,ZW,5558.0,52956.0,52956.0,chinyenyetu,18110.0,29.0166667,-17.8833333,2,,,2010.0,,,0,0,,,0,0,,,0,0,,,1,18474,POINT (3230120.561562137 -2023897.418833123),60349.210147508944,14,14,14
ZWE,ZW,5555.0,52934.0,52934.0,chinyika,18035.0,31.4572222,-19.5236111,1,,,2010.0,,,0,0,,,0,0,,,0,0,,,1,20137,POINT (3501801.957074861 -2216680.695274454),3423.261740778736,15,15,15
ZWE,ZW,5555.0,52940.0,52940.0,chipinda,18295.0,31.9333333,-21.3,1,,,2010.0,,,0,0,,,0,0,,,0,0,,,1,18459,POINT (3554802.402287886 -2427686.543624181),36700.850163776624,16,16,16
ZWE,ZW,5558.0,52956.0,52956.0,chireya,18111.0,28.60325,-17.54927,3,,,2010.0,,,0,0,,,0,0,,,0,0,,,1,18475,POINT (3184099.225032702 -1984858.15975367),60349.210147508944,17,17,17
ZWE,ZW,5550.0,52903.0,52903.0,chirodzo,18138.0,31.0308888,-17.8572269,1,,,2010.0,,,0,0,,,0,0,,,0,0,,,1,20037,POINT (3454342.740078696 -2020843.94904358),1053.132777025637,18,18,18
ZWE,ZW,5551.0,52906.0,52906.0,chisumbanje,18085.0,32.2285171,-20.7683931,1,,,2010.0,,,0,0,,,0,0,,,0,0,,,1,18406,POINT (3587662.11259431 -2364283.26887918),21890.115588833738,19,19,19
ZWE,ZW,5550.0,52903.0,52903.0,chizungu,18139.0,31.1630513,-17.906642,1,,,2010.0,,,0,0,,,0,0,,,0,0,,,1,18390,POINT (3469055.002280662 -2026624.041984864),1085.9769730770765,20,20,20
ZWE,ZW,5550.0,52903.0,52903.0,courteney selous,18140.0,31.0594431,-17.8218953,2,,,2010.0,,,0,0,,,0,0,,,0,0,,,1,20041,POINT (3457521.390214654 -2016712.190408518),1208.276676231952,21,21,21
ZWE,ZW,5553.0,52920.0,52920.0,crowhill,18116.0,31.1332342,-17.7161878,1,,,2010.0,,,0,0,,,0,0,,,0,0,,,1,18428,POINT (3465735.77789173 -2004355.395362058),3804.9836404222388,22,22,22
ZWE,ZW,5550.0,52903.0,52903.0,daniel academy,18141.0,31.03351,-17.8251657,2,,,2010.0,,,0,0,,,0,0,,,0,0,,,1,18383,POINT (3454634.530727963 -2017094.604086868),0.0,23,23,95
ZWE,ZW,5553.0,52920.0,52920.0,domboshawa,18117.0,31.14324,-17.61179,1,,,2010.0,,,0,0,,,0,0,,,0,0,,,1,18427,POINT (3466849.618452709 -1992158.845199359),12247.304873583611,24,24,24
ZWE,ZW,5553.0,52922.0,52922.0,dombotombo,18209.0,31.1091667,-19.0522222,1,,,2010.0,,,0,0,,,0,0,,,0,0,,,1,20097,POINT (3463056.596047063 -2161085.198749624),51599.19429321191,25,25,25
ZWE,ZW,5556.0,52946.0,52946.0,donkwe donkwe,18220.0,28.3833333,-20.9180556,1,,,2010.0,,,0,0,,,0,0,,,0,0,,,1,18466,POINT (3159618.209971765 -2382110.271637661),34331.880016465606,26,26,26
ZWE,ZW,5550.0,52903.0,52903.0,donny brook,18142.0,31.1815497,-17.8389997,1,,,2010.0,,,0,0,,,0,0,,,0,0,,,1,18393,POINT (3471114.234749153 -2018712.315926323),3844.784316768993,27,27,27
ZWE,ZW,5549.0,52902.0,52902.0,emakhandeni,18054.0,28.5228877,-20.111457,1,,,2010.0,,,0,0,,,0,0,,,0,0,,,1,18373,POINT (3175153.334717726 -2286239.223498383),2185.418693862678,28,28,28
ZWE,ZW,5550.0,52903.0,52903.0,epworth,,31.147499,-17.889999,3,,,1982.0,1.0,99.0,242,3,,,242,2,,,242,1,,,3,29417,POINT (3467323.728163998 -2024677.127684304),1636.5205630224743,29,29,29
ZWE,ZW,5553.0,52926.0,52926.0,epworth primary,18275.0,31.1595842,-17.8979649,1,,,2010.0,,,0,0,,,0,0,,,0,0,,,1,20111,POINT (3468669.046474133 -2025608.963612786),1085.9769730770765,30,30,30
ZWE,ZW,5549.0,52902.0,52902.0,fairbridge,18055.0,28.6057508,-20.1833624,1,,,2010.0,,,0,0,,,0,0,,,0,0,,,1,18365,POINT (3184377.612815278 -2294765.41822031),4026.7776138155104,31,31,31
ZWE,ZW,5554.0,52928.0,52928.0,gadzema,18072.0,30.1488264,-18.0300149,1,,,2010.0,,,0,0,,,0,0,,,0,0,,,1,18437,POINT (3356152.002862803 -2041062.035139482),38353.351290810104,32,32,32
ZWE,ZW,5550.0,52903.0,52903.0,glen view 3,18143.0,30.9497721,-17.9089495,1,,,2010.0,,,0,0,,,0,0,,,0,0,,,1,18399,POINT (3445312.870339865 -2026893.98999572),910.9308202702566,33,33,33
ZWE,ZW,5550.0,52903.0,52903.0,glen view 8,18144.0,30.952925,-17.901764,1,,,2010.0,,,0,0,,,0,0,,,0,0,,,1,18400,POINT (3445663.849562387 -2026053.389885872),910.9308202702566,34,34,34
ZWE,ZW,5554.0,52928.0,52928.0,gonza,18074.0,30.60092,-18.17614,3,,,2010.0,,,0,0,,,0,0,,,0,0,,,1,18436,POINT (3406478.832205701 -2058175.757861487),29377.044463044265,35,35,35
ZWE,ZW,5552.0,52913.0,52913.0,gota,18121.0,30.76498,-16.81919,3,,,2010.0,,,0,0,,,0,0,,,0,0,,,1,18418,POINT (3424741.907865246 -1899787.806183179),67459.10869834905,36,36,36
ZWE,ZW,5550.0,52903.0,52903.0,greystone park,18145.0,31.1166193,-17.7446398,1,,,2010.0,,,0,0,,,0,0,,,0,0,,,1,18384,POINT (3463886.215684148 -2007680.605151555),3804.9836404222388,37,37,37
ZWE,ZW,5549.0,52902.0,52902.0,hope foundtain,18056.0,28.65767,-20.2187658,2,,,2010.0,,,0,0,,,0,0,,,0,0,,,1,20035,POINT (3190157.231721673 -2298964.826607472),6077.978410087268,38,38,38
ZWE,ZW,5550.0,52903.0,52903.0,hopely,18146.0,31.1379008,-17.8179895,1,,,2010.0,,,0,0,,,0,0,,,0,0,,,1,18388,POINT (3466255.261427466 -2016255.487474753),5444.779865275661,39,39,39
ZWE,ZW,5555.0,52935.0,52935.0,humani,18095.0,32.0280556,-20.3394444,1,,,2010.0,,,0,0,,,0,0,,,0,0,,,1,18447,POINT (3565346.840490655 -2313286.428942611),46044.27952437237,40,40,40
ZWE,ZW,5549.0,52902.0,52902.0,hyde pack,18057.0,28.5415078,-20.153057,1,,,2010.0,,,0,0,,,0,0,,,0,0,,,1,18372,POINT (3177226.114768246 -2291171.471723336),2240.5535817847926,41,41,41
ZWE,ZW,5553.0,52922.0,52922.0,igava,18210.0,31.622789,-18.461519,1,,,2010.0,,,0,0,,,0,0,,,0,0,,,1,18432,POINT (3520232.768943133 -2091639.932370031),32730.894967848413,42,42,42
ZWE,ZW,5557.0,52950.0,52950.0,ingagula,18172.0,26.5166667,-18.4166667,1,,,2010.0,,,0,0,,,0,0,,,0,0,,,1,18470,POINT (2951821.834578954 -2086376.789492422),111201.70556423017,43,43,43
ZWE,ZW,5556.0,52944.0,52944.0,insiza,18177.0,29.1928451,-19.7822953,1,,,2010.0,,,0,0,,,0,0,,,0,0,,,1,18464,POINT (3249732.651338911 -2247258.57170656),75816.54344826352,44,44,44
ZWE,ZW,5549.0,52902.0,52902.0,j w mthimkhukulu,18058.0,28.4914085,-20.1280203,1,,,2010.0,,,0,0,,,0,0,,,0,0,,,1,18370,POINT (3171649.086203146 -2288202.871679714),3169.7926561876343,45,45,45
ZWE,ZW,5552.0,52916.0,52916.0,karuyana,18233.0,31.53151,-16.6925,3,,,2010.0,,,0,0,,,0,0,,,0,0,,,1,18419,POINT (3510071.637143014 -1885059.397052221),19957.10596399196,46,46,46
ZWE,ZW,5551.0,52908.0,52908.0,kaswa,,32.4873,-19.1158,3,,,2004.0,5.0,16.0,131,29,,,131,0,,,131,4,,,2,31191,POINT (3616469.693248317 -2168574.244039245),6590.966837967822,47,47,47
ZWE,ZW,5551.0,52908.0,52908.0,kusena,18245.0,32.46258,-19.57669,3,,,2010.0,,,0,0,,,0,0,,,0,0,,,1,18411,POINT (3613717.875435907 -2222950.895262601),35099.63310586546,48,48,48
ZWE,ZW,5553.0,52925.0,52925.0,kushinga,18254.0,31.2443045,-17.8954093,1,,,2010.0,,,0,0,,,0,0,,,0,0,,,1,20106,POINT (3478100.067129986 -2025310.009796847),1190.385626905232,49,49,49
ZWE,ZW,5550.0,52903.0,52903.0,kuwadzana 3,18147.0,30.929004,-17.8253107,1,,,2010.0,,,0,0,,,0,0,,,0,0,,,1,18382,POINT (3443000.976023121 -2017111.559356789),1766.3324833492247,50,50,50
ZWE,ZW,5550.0,52903.0,52903.0,kuwadzana 5,18148.0,30.9144491,-17.8320935,1,,,2010.0,,,0,0,,,0,0,,,0,0,,,1,18381,POINT (3441380.731966574 -2017904.70722449),1803.9607376033277,51,51,51
ZWE,ZW,5550.0,52903.0,52903.0,kuwadzana 8,18149.0,30.8979497,-17.8325495,1,,,2010.0,,,0,0,,,0,0,,,0,0,,,1,18380,POINT (3439544.02716018 -2017958.030745211),1837.4786920377242,52,52,52
ZWE,ZW,5550.0,52903.0,52903.0,louis mt batten,18150.0,31.0259844,-17.8386948,1,,,2010.0,,,0,0,,,0,0,,,0,0,,,1,18389,POINT (3453796.784768049 -2018676.660362107),1790.1732741202122,53,53,53
ZWE,ZW,5558.0,52962.0,52962.0,lundi,18308.0,30.0172222,-20.2369444,1,,,2010.0,,,0,0,,,0,0,,,0,0,,,1,20205,POINT (3341501.890332547 -2301121.470007803),17323.32367547414,54,54,54
ZWE,ZW,5555.0,52940.0,52940.0,madondo,18299.0,31.52659,-20.27908,3,,,2010.0,,,0,0,,,0,0,,,0,0,,,1,18458,POINT (3509523.94524831 -2306121.255798224),15097.116785955028,55,55,55
ZWE,ZW,5553.0,52920.0,52920.0,makumbi,18118.0,31.37933,-17.5236745,1,,,2010.0,,,0,0,,,0,0,,,0,0,,,1,18430,POINT (3493131.037034093 -1981870.008379486),28223.627083631578,56,56,56
ZWE,ZW,5558.0,52962.0,52962.0,makwakwe,18309.0,29.8236554,-18.9201331,2,,,2010.0,,,0,0,,,0,0,,,0,0,,,1,20204,POINT (3319954.132722063 -2145535.134631519),76767.83066846187,57,57,57
ZWE,ZW,5555.0,52936.0,52936.0,mandiva,18106.0,30.6847019,-20.5709943,1,,,2010.0,,,0,0,,,0,0,,,0,0,,,1,18451,POINT (3415805.390651394 -2340797.139254787),25595.134455362648,58,58,58
ZWE,ZW,5551.0,52906.0,52906.0,manesa,18090.0,32.35897,-20.10659,3,,,2010.0,,,0,0,,,0,0,,,0,0,,,1,18405,POINT (3602184.062994816 -2285662.259903572),42363.63268356271,59,59,59
ZWE,ZW,5557.0,52951.0,52951.0,manganganga,18189.0,27.48558,-18.64715,3,,,2010.0,,,0,0,,,0,0,,,0,0,,,1,18471,POINT (3059680.769757784 -2113437.266622041),111201.70556423017,60,60,60
ZWE,ZW,5551.0,52910.0,52910.0,mapako,18267.0,32.60055,-18.06088,3,,,2010.0,,,0,0,,,0,0,,,0,0,,,1,18416,POINT (3629076.625580654 -2044675.673281334),55931.813714357566,61,61,61
ZWE,ZW,5555.0,52935.0,52935.0,mareya,18097.0,32.0965,-20.9046,3,,,2010.0,,,0,0,,,0,0,,,0,0,,,1,18446,POINT (3572966.036246305 -2380506.785774912),18947.55268013089,62,62,62
ZWE,ZW,5553.0,52922.0,52922.0,marondera,18211.0,31.5427093,-18.1929582,1,,,2010.0,,,0,0,,,0,0,,,0,0,,,1,18431,POINT (3511318.337516254 -2060146.371159335),32730.894967848413,63,63,63
ZWE,ZW,5549.0,52902.0,52902.0,masiyephambili,18060.0,28.639241,-20.1705301,2,,,2010.0,,,0,0,,,0,0,,,0,0,,,1,18366,POINT (3188105.724825843 -2293243.538202764),4026.7776138155104,64,64,64
ZWE,ZW,5551.0,52904.0,52904.0,masocha,18046.0,31.75912,-19.21122,3,,,2010.0,,,0,0,,,0,0,,,0,0,,,1,18402,POINT (3535409.066442471 -2179819.500226962),21731.375828375454,65,65,65
ZWE,ZW,5553.0,52924.0,52924.0,masunzwe,18242.0,31.9361111,-17.8125,1,,,2010.0,,,0,0,,,0,0,,,0,0,,,1,18433,POINT (3555111.625569412 -2015613.620330828),62458.129773959205,66,66,66
ZWE,ZW,5555.0,52937.0,52937.0,matizha,18127.0,30.97084,-19.46986,3,,,2010.0,,,0,0,,,0,0,,,0,0,,,1,18452,POINT (3447658.138239949 -2210333.18702195),24976.95824006539,67,67,67
ZWE,ZW,5552.0,52917.0,52917.0,mazoe bridge,18272.0,30.9747258,-17.5069121,1,,,2010.0,,,0,0,,,0,0,,,0,0,,,1,20086,POINT (3448090.703517274 -1979913.307328966),22402.01078676056,68,68,68
ZWE,ZW,5557.0,52953.0,52953.0,mbiriya,18285.0,27.25,-19.666667,1,,,2010.0,,,0,0,,,0,0,,,0,0,,,1,18472,POINT (3033456.124116705 -2233584.583737587),81001.41437623076,69,69,69
ZWE,ZW,5557.0,52954.0,52954.0,mbizo,18289.0,28.866667,-21.516667,1,,,2010.0,,,0,0,,,0,0,,,0,0,,,1,20189,POINT (3213422.671338994 -2453593.319162203),65484.12838203525,70,70,70
ZWE,ZW,5549.0,52902.0,52902.0,mbuyazwe,18062.0,28.5137271,-20.1446225,1,,,2010.0,,,0,0,,,0,0,,,0,0,,,1,18368,POINT (3174133.581390365 -2290171.340411472),1971.8649517950269,71,71,71
ZWE,ZW,5554.0,52932.0,52932.0,mhangura,18194.0,30.1647036,-16.8986791,1,,,2010.0,,,0,0,,,0,0,,,0,0,,,1,18442,POINT (3357919.444682026 -1909033.873482466),67459.10869834905,72,72,72
ZWE,ZW,5556.0,52941.0,52941.0,msane,18032.0,29.7,-21.53333,3,,,2010.0,,,0,0,,,0,0,,,0,0,,,1,18460,POINT (3306188.876560225 -2455587.300977672),92787.63276766954,73,73,73
ZWE,ZW,5551.0,52908.0,52908.0,msapa,,32.4281,-19.1149,3,,,2004.0,5.0,16.0,166,52,,,166,0,,,166,0,,,2,31194,POINT (3609879.579393355 -2168468.209904033),6590.966837967822,74,74,74
ZWE,ZW,5549.0,52902.0,52902.0,mthombowesizwe,18063.0,28.5414952,-20.1173342,1,,,2010.0,,,0,0,,,0,0,,,0,0,,,1,18371,POINT (3177224.712142662 -2286935.966227768),2185.418693862678,75,75,75
ZWE,ZW,5549.0,52902.0,52902.0,mthshede,18064.0,28.5298201,-20.1376734,1,,,2010.0,,,0,0,,,0,0,,,0,0,,,1,18374,POINT (3175925.045955701 -2289347.38282806),1971.8649517950269,76,76,76
ZWE,ZW,5551.0,52904.0,52904.0,mukamba,18048.0,31.56392,-19.2136,3,,,2010.0,,,0,0,,,0,0,,,0,0,,,1,18403,POINT (3513679.501839623 -2180100.066733819),21731.375828375454,77,77,77
ZWE,ZW,5555.0,52937.0,52937.0,mukoroverwa,18128.0,31.16765,-19.57141,3,,,2010.0,,,0,0,,,0,0,,,0,0,,,1,18455,POINT (3469566.927222973 -2222327.077475982),24976.95824006539,78,78,78
ZWE,ZW,5550.0,52903.0,52903.0,mukurumbira,18151.0,30.9234456,-17.8592936,1,,,2010.0,,,0,0,,,0,0,,,0,0,,,1,18391,POINT (3442382.217765496 -2021085.659094525),3334.8805983002417,79,79,79
ZWE,ZW,5555.0,52934.0,52934.0,mupakwa,18038.0,31.63491,-19.98965,3,,,2010.0,,,0,0,,,0,0,,,0,0,,,1,18444,POINT (3521582.072491039 -2271804.867703982),36373.24462343812,80,80,80
ZWE,ZW,5551.0,52909.0,52909.0,muparutsa,18249.0,32.8827,-18.45569,3,,,2010.0,,,0,0,,,0,0,,,0,0,,,1,18415,POINT (3660485.419907976 -2090955.857207952),55931.813714357566,81,81,81
ZWE,ZW,5555.0,52935.0,52935.0,mupinga,18098.0,32.13773,-21.05879,3,,,2010.0,,,0,0,,,0,0,,,0,0,,,1,18449,POINT (3577555.738851712 -2398890.04942858),18947.55268013089,82,82,82
ZWE,ZW,5554.0,52933.0,52933.0,murombedzi,18304.0,30.1978952,-17.7054419,1,,,2010.0,,,0,0,,,0,0,,,0,0,,,1,18443,POINT (3361614.316692641 -2003099.650034477),38353.351290810104,83,83,83
ZWE,ZW,5555.0,52940.0,52940.0,musarava,18301.0,31.5465868,-20.4048518,1,,,2010.0,,,0,0,,,0,0,,,0,0,,,1,18457,POINT (3511749.978841805 -2321053.359122586),15097.116785955028,84,84,84
ZWE,ZW,5558.0,52960.0,52960.0,musume,18226.0,30.2272222,-20.8797222,1,,,2010.0,,,0,0,,,0,0,,,0,0,,,1,18476,POINT (3364878.983399135 -2377542.510307519),44417.19181245856,85,85,85
ZWE,ZW,5550.0,52903.0,52903.0,mutasa,18152.0,30.9477073,-17.8186394,2,,,2010.0,,,0,0,,,0,0,,,0,0,,,1,20039,POINT (3445083.017855275 -2016331.479211619),2223.381034310009,86,86,86
ZWE,ZW,5555.0,52937.0,52937.0,mutendeure,18130.0,31.08557,-19.94614,3,,,2010.0,,,0,0,,,0,0,,,0,0,,,1,18454,POINT (3460429.823418661 -2266651.560942194),13098.877595157152,87,87,87
ZWE,ZW,5555.0,52936.0,52936.0,mutote,18107.0,30.73569,-20.82315,3,,,2010.0,,,0,0,,,0,0,,,0,0,,,1,18450,POINT (3421481.359979911 -2370803.564392288),15146.191770573878,88,88,88
ZWE,ZW,5552.0,52912.0,52912.0,muzarabani,18071.0,31.1710389,-16.3301107,1,,,2010.0,,,0,0,,,0,0,,,0,0,,,1,18417,POINT (3469944.177845323 -1842983.260426474),54961.14773197358,89,89,89
ZWE,ZW,5551.0,52904.0,52904.0,muzokomba,18050.0,31.9623835,-19.5776934,1,,,2010.0,,,0,0,,,0,0,,,0,0,,,1,18404,POINT (3558036.255759329 -2223069.446583067),37154.77917340071,90,90,90
ZWE,ZW,5551.0,52904.0,52904.0,nemadziva,18051.0,32.2249,-19.77178,3,,,2010.0,,,0,0,,,0,0,,,0,0,,,1,18401,POINT (3587259.458864161 -2246014.642501121),35099.63310586546,91,91,91
ZWE,ZW,5555.0,52937.0,52937.0,nerupiri,18131.0,31.03408,-19.84665,3,,,2010.0,,,0,0,,,0,0,,,0,0,,,1,18453,POINT (3454697.982837715 -2254873.335362442),13098.877595157152,92,92,92
ZWE,ZW,5554.0,52928.0,52928.0,neuso,18076.0,30.533333,-18.533333,1,,,2010.0,,,0,0,,,0,0,,,0,0,,,1,18438,POINT (3398955.081781456 -2100069.731996967),14462.12695931123,93,93,93
ZWE,ZW,5558.0,52961.0,52961.0,new gato,18282.0,30.28683,-19.95614,3,,,2010.0,,,0,0,,,0,0,,,0,0,,,1,18477,POINT (3371514.493342442 -2267835.831075927),24726.65915094831,94,94,94
ZWE,ZW,5550.0,52903.0,52903.0,ngagariro,18153.0,31.03351,-17.8251657,2,,,2010.0,,,0,0,,,0,0,,,0,0,,,1,20043,POINT (3454634.530727963 -2017094.604086868),0.0,95,95,23
ZWE,ZW,5554.0,52928.0,52928.0,nyamaropa,,30.7166667,-17.9166667,1,,,2004.0,5.0,16.0,674,1,,,674,0,,,674,0,,,2,31192,POINT (3419363.695910703 -2027796.829298895),6082.562120296311,96,96,96
ZWE,ZW,5552.0,52917.0,52917.0,nyamatikiti,18273.0,32.9333333,-16.6833333,1,,,2010.0,,,0,0,,,0,0,,,0,0,,,1,20084,POINT (3666121.89308116 -1883994.097536167),156053.89210596448,97,97,97
ZWE,ZW,5552.0,52916.0,52916.0,nyamuti,18234.0,30.2075,-16.2783333,1,,,2010.0,,,0,0,,,0,0,,,0,0,,,1,20082,POINT (3362683.518137811 -1836977.919242312),72213.27396920377,98,98,98
ZWE,ZW,5556.0,52944.0,52944.0,rangmore,18179.0,28.4922355,-20.2049196,1,,,2010.0,,,0,0,,,0,0,,,0,0,,,1,20169,POINT (3171741.147422032 -2297322.332566126),7540.5854606095645,99,99,99
ZWE,ZW,5550.0,52903.0,52903.0,rukudzo,18154.0,30.9722161,-17.8527399,1,,,2010.0,,,0,0,,,0,0,,,0,0,,,1,18392,POINT (3447811.324991229 -2020319.183467284),4831.7124354359175,100,100,100
ZWE,ZW,5551.0,52907.0,52907.0,rukweza,18204.0,32.0880053,-18.8081735,1,,,2010.0,,,0,0,,,0,0,,,0,0,,,1,20061,POINT (3572020.410567863 -2132364.418800408),15362.277393444476,101,101,101
ZWE,ZW,5558.0,52960.0,52960.0,rusvinge,18228.0,29.8666667,-20.2,1,,,2010.0,,,0,0,,,0,0,,,0,0,,,1,20201,POINT (3324742.128736421 -2296738.78425518),17323.32367547414,102,102,102
ZWE,ZW,5550.0,52903.0,52903.0,rusvingo,18155.0,30.9794062,-17.8947117,1,,,2010.0,,,0,0,,,0,0,,,0,0,,,1,20040,POINT (3448611.723261982 -2025228.405371214),1267.7262575448212,103,103,103
ZWE,ZW,5550.0,52903.0,52903.0,ruveneko,18156.0,31.03351,-17.8251657,2,,,2010.0,,,0,0,,,0,0,,,0,0,,,1,18379,POINT (3454634.530727963 -2017094.604086868),0.0,104,104,23
ZWE,ZW,5553.0,52920.0,52920.0,ruwa,18120.0,31.2368819,-17.9027344,1,,,2010.0,,,0,0,,,0,0,,,0,0,,,1,18429,POINT (3477273.787077623 -2026166.910733834),1190.385626905232,105,105,105
ZWE,ZW,5555.0,52939.0,52939.0,ruzambu,18258.0,30.61,-20.7744444,1,,,2010.0,,,0,0,,,0,0,,,0,0,,,1,18456,POINT (3407489.613182104 -2365003.724161983),15146.191770573878,106,106,106
ZWE,ZW,5556.0,52945.0,52945.0,sangulube,18207.0,28.0367768,-21.170866,1,,,2010.0,,,0,0,,,0,0,,,0,0,,,1,18465,POINT (3121039.716860666 -2412264.233465677),33180.933366856676,107,107,107
ZWE,ZW,5555.0,52935.0,52935.0,sangwe,18100.0,31.21143,-22.31348,3,,,2010.0,,,0,0,,,0,0,,,0,0,,,1,18448,POINT (3474440.494529902 -2549204.099894925),145686.48770739205,108,108,108
ZWE,ZW,5550.0,52903.0,52903.0,seke 7,18157.0,31.0392642,-17.8614141,1,,,2010.0,,,0,0,,,0,0,,,0,0,,,1,18397,POINT (3455275.085341886 -2021333.664222282),1053.132777025637,109,109,109
ZWE,ZW,5550.0,52903.0,52903.0,shingirai,18158.0,31.03351,-17.8251657,1,,,2010.0,,,0,0,,,0,0,,,0,0,,,1,18385,POINT (3454634.530727963 -2017094.604086868),0.0,110,110,23
ZWE,ZW,5557.0,52948.0,52948.0,siabuwa,18041.0,28.0566638,-17.4675493,1,,,2010.0,,,0,0,,,0,0,,,0,0,,,1,18469,POINT (3123253.527574072 -1975319.135890194),61588.89409215835,111,111,111
ZWE,ZW,5556.0,52943.0,52943.0,simbumbumbu,18134.0,28.75,-20.7666667,1,,,2010.0,,,0,0,,,0,0,,,0,0,,,1,18462,POINT (3200435.360306615 -2364077.732550929),38459.259798699546,112,112,112
ZWE,ZW,5556.0,52946.0,52946.0,simpati,18221.0,28.29042,-21.40662,3,,,2010.0,,,0,0,,,0,0,,,0,0,,,1,18468,POINT (3149275.148727843 -2440430.249124909),24903.55927761981,113,113,113
ZWE,ZW,5556.0,52943.0,52943.0,sinkukwe,18135.0,29.0477778,-20.6027778,1,,,2010.0,,,0,0,,,0,0,,,0,0,,,1,18463,POINT (3233583.833372156 -2344576.619821473),38459.259798699546,114,114,114
ZWE,ZW,5550.0,52903.0,52903.0,st aidans,18159.0,31.03351,-17.8251657,2,,,2010.0,,,0,0,,,0,0,,,0,0,,,1,20036,POINT (3454634.530727963 -2017094.604086868),0.0,115,115,23
ZWE,ZW,5554.0,52928.0,52928.0,st eric's,18077.0,30.6746677,-17.8834061,1,,,2010.0,,,0,0,,,0,0,,,0,0,,,1,18435,POINT (3414688.388616876 -2023905.93433044),6082.562120296311,116,116,116
ZWE,ZW,5551.0,52907.0,52907.0,st faith,18205.0,32.2192972,-18.4884258,1,,,2010.0,,,0,0,,,0,0,,,0,0,,,1,18408,POINT (3586635.758021145 -2094797.940575385),40309.41164804168,117,117,117
ZWE,ZW,5550.0,52903.0,52903.0,st john's retreat,18160.0,31.0575879,-17.9054166,2,,,2010.0,,,0,0,,,0,0,,,0,0,,,1,18386,POINT (3457314.870295335 -2026480.687273222),5077.6600972430115,118,118,118
ZWE,ZW,5550.0,52903.0,52903.0,st peters,18161.0,30.9829717,-17.9050038,1,,,2010.0,,,0,0,,,0,0,,,0,0,,,1,18396,POINT (3449008.632906406 -2026432.395652833),1267.7262575448212,119,119,119
ZWE,ZW,5555.0,52936.0,52936.0,st. martins,18108.0,31.0614584,-17.8618326,1,,,2010.0,,,0,0,,,0,0,,,0,0,,,1,20145,POINT (3457745.73238445 -2021382.610643885),2471.131838069047,120,120,120
ZWE,ZW,5558.0,52956.0,52956.0,tafara,18113.0,31.2139841,-17.8276998,1,,,2010.0,,,0,0,,,0,0,,,0,0,,,1,20194,POINT (3474724.815641338 -2017390.925725261),3844.784316768993,121,121,121
ZWE,ZW,5550.0,52903.0,52903.0,tamuka,18162.0,30.9230472,-17.8113095,1,,,2010.0,,,0,0,,,0,0,,,0,0,,,1,18377,POINT (3442337.868080364 -2015474.422130412),1766.3324833492247,122,122,122
ZWE,ZW,5550.0,52903.0,52903.0,tendayi,18163.0,31.03351,-17.8251657,2,,,2010.0,,,0,0,,,0,0,,,0,0,,,1,18395,POINT (3454634.530727963 -2017094.604086868),0.0,123,123,23
ZWE,ZW,5556.0,52942.0,52942.0,tokwana,18069.0,27.62337,-20.2537,3,,,2010.0,,,0,0,,,0,0,,,0,0,,,1,18461,POINT (3075019.48239419 -2303109.517248143),81001.41437623076,124,124,124
ZWE,ZW,5550.0,52903.0,52903.0,tongoville,18164.0,31.03351,-17.8251657,2,,,2010.0,,,0,0,,,0,0,,,0,0,,,1,20042,POINT (3454634.530727963 -2017094.604086868),0.0,125,125,23
ZWE,ZW,5549.0,52902.0,52902.0,umgusa,18066.0,28.57242,-20.05604,3,,,2010.0,,,0,0,,,0,0,,,0,0,,,1,18369,POINT (3180667.245131546 -2279670.817296425),1629.697644530502,126,126,126
ZWE,ZW,5551.0,52908.0,52908.0,valhalla,,32.849998,-19.133301,3,,,2004.0,5.0,16.0,278,56,,,278,12,,,278,9,,,2,31193,POINT (3656845.049920055 -2170636.25150104),9478.860541652391,127,127,127
ZWE,ZW,5553.0,52919.0,52919.0,warikandwa,18080.0,31.489,-18.79441,3,,,2010.0,,,0,0,,,0,0,,,0,0,,,1,18426,POINT (3505339.445589392 -2130745.912728108),41846.012716690486,128,128,128
ZWE,ZW,5550.0,52903.0,52903.0,warren pack 4,18165.0,31.03351,-17.8251657,2,,,2010.0,,,0,0,,,0,0,,,0,0,,,1,18398,POINT (3454634.530727963 -2017094.604086868),0.0,129,129,23
ZWE,ZW,5550.0,52903.0,52903.0,warren pack 5,18166.0,31.03351,-17.8251657,2,,,2010.0,,,0,0,,,0,0,,,0,0,,,1,18376,POINT (3454634.530727963 -2017094.604086868),0.0,130,130,23
ZWE,ZW,5550.0,52903.0,52903.0,zengeza 5,18168.0,31.063714,-18.0024172,1,,,2010.0,,,0,0,,,0,0,,,0,0,,,1,18394,POINT (3457996.824627883 -2037831.475694118),11371.255844788193,131,131,131
